Segment,Keywords
1,"english, going, want, time, things"
2,"don, want, think, time, things"
3,"want, time, think, things, talk"
4,"going, want, time, really, things"
5,"want, time, think, things, talk"
6,"want, time, think, things, talk"
7,"want, time, think, things, talk"
8,"going, want, think, time, things"
9,"time, lot, think, want, things"
10,"want, time, think, things, talk"
11,"want, time, think, things, talk"
12,"want, time, think, things, talk"
13,"time, people, think, want, things"
14,"want, time, think, things, talk"
15,"time, english, going, just, things"
16,"time, lot, want, don, things"
17,"time, lot, think, want, things"
18,"time, different, say, lot, don"
19,"english, going, good, right, things"
20,"want, time, think, things, talk"
21,"want, time, think, things, talk"
22,"want, time, think, things, talk"
23,"want, time, think, things, talk"
24,"want, time, think, things, talk"
25,"want, time, think, things, talk"
26,"english, good, going, things, lot"
27,"want, time, think, things, talk"
28,"good, things, lot, want, think"
29,"want, don, think, time, things"
30,"want, time, think, things, talk"
31,"want, time, think, things, talk"
32,"lot, people, want, time, things"
33,"english, going, want, time, things"
34,"people, good, like, want, things"
35,"going, time, think, want, things"
36,"know, don, just, want, things"
37,"want, time, think, things, talk"
38,"english, going, want, time, things"
39,"want, time, think, things, talk"
40,"think, different, time, want, things"
41,"time, like, think, want, things"
42,"lot, things, want, don, think"
43,"good, lot, time, going, things"
44,"going, know, don, want, things"
45,"english, going, want, time, things"
46,"really, want, think, time, things"
47,"want, time, think, things, talk"
48,"want, time, think, things, talk"
49,"want, time, think, things, talk"
50,"want, time, think, things, talk"
51,"want, time, think, things, talk"
52,"want, time, think, things, talk"
53,"lot, don, like, want, things"
54,"want, time, think, things, talk"
55,"want, time, think, things, talk"
56,"want, time, think, things, talk"
57,"want, time, think, things, talk"
58,"want, time, think, things, talk"
59,"english, going, want, time, things"
60,"want, time, think, things, talk"
61,"want, time, think, things, talk"
62,"say, know, want, time, things"
63,"want, time, think, things, talk"
64,"want, time, think, things, talk"
65,"want, time, think, things, talk"
66,"say, time, like, want, things"
67,"time, like, think, want, things"
68,"want, time, think, things, talk"
69,"want, time, think, things, talk"
70,"like, want, think, time, things"
71,"want, time, think, things, talk"
72,"want, time, think, things, talk"
73,"want, time, think, things, talk"
74,"want, time, think, things, talk"
75,"want, time, think, things, talk"
76,"want, time, think, things, talk"
77,"want, time, think, things, talk"
78,"english, going, want, time, things"
79,"want, time, think, things, talk"
80,"lot, don, like, want, things"
81,"want, time, think, things, talk"
82,"want, time, think, things, talk"
83,"want, time, think, things, talk"
84,"want, time, think, things, talk"
85,"like, want, think, time, things"
86,"really, want, think, time, things"
87,"want, time, think, things, talk"
88,"want, time, think, things, talk"
89,"want, time, think, things, talk"
90,"want, time, think, things, talk"
91,"want, time, think, things, talk"
92,"want, time, think, things, talk"
93,"want, time, think, things, talk"
94,"want, time, think, things, talk"
95,"want, time, think, things, talk"
96,"want, time, think, things, talk"
97,"want, time, think, things, talk"
98,"want, time, think, things, talk"
99,"want, time, think, things, talk"
100,"want, time, think, things, talk"
101,"want, time, think, things, talk"
102,"want, time, think, things, talk"
103,"want, time, think, things, talk"
104,"want, time, think, things, talk"
105,"lot, want, think, time, things"
106,"want, time, think, things, talk"
107,"want, time, think, things, talk"
108,"going, want, think, time, things"
109,"know, don, want, time, things"
110,"want, time, think, things, talk"
111,"want, time, think, things, talk"
112,"want, time, think, things, talk"
113,"want, time, think, things, talk"
114,"lot, don, like, want, things"
115,"want, time, think, things, talk"
116,"want, time, think, things, talk"
117,"like, want, think, time, things"
118,"want, time, think, things, talk"
119,"want, time, think, things, talk"
120,"really, want, think, time, things"
121,"want, time, think, things, talk"
122,"want, time, think, things, talk"
123,"want, time, think, things, talk"
124,"want, time, think, things, talk"
125,"say, going, really, like, things"
126,"want, time, think, things, talk"
127,"english, don, want, time, things"
128,"don, know, want, time, things"
129,"want, time, think, things, talk"
130,"want, time, think, things, talk"
131,"language, english, want, time, things"
132,"think, want, time, things, talk"
133,"english, don, people, want, things"
134,"lot, don, like, want, things"
135,"want, time, think, things, talk"
136,"things, lot, time, want, think"
137,"like, want, think, time, things"
138,"don, want, think, time, things"
139,"want, time, think, things, talk"
140,"want, time, think, things, talk"
141,"want, time, think, things, talk"
142,"don, want, think, time, things"
143,"want, time, think, things, talk"
144,"want, time, think, things, talk"
145,"want, time, think, things, talk"
146,"want, time, think, things, talk"
147,"lot, time, people, don, things"
148,"time, think, want, things, talk"
149,"going, know, lot, want, things"
150,"going, think, like, want, things"
151,"like, want, think, time, things"
152,"like, don, want, lot, really"
153,"like, don, good, want, lot"
154,"lot, want, think, time, things"
155,"want, time, think, things, talk"
156,"want, time, think, things, talk"
157,"lot, want, think, time, things"
158,"want, time, think, things, talk"
159,"want, people, like, things, lot"
160,"english, going, language, know, lot"
161,"want, time, think, things, talk"
162,"english, don, think, lot, people"
163,"english, people, lot, language, good"
164,"english, just, want, time, things"
165,"english, like, want, time, things"
166,"english, don, like, want, things"
167,"english, listening, talk, say, just"
168,"english, think, going, people, things"
169,"want, time, think, things, talk"
170,"want, time, think, things, talk"
171,"lot, people, think, want, things"
172,"people, think, don, english, know"
173,"think, time, going, really, don"
174,"people, want, think, time, things"
175,"think, lot, people, different, going"
176,"think, people, lot, really, don"
177,"want, time, think, things, talk"
178,"think, don, people, want, things"
179,"going, like, don, listening, english"
180,"want, time, think, things, talk"
181,"lot, think, time, want, things"
182,"want, time, think, things, talk"
183,"lot, like, going, know, listening"
184,"lot, time, just, want, things"
185,"want, time, think, things, talk"
186,"going, time, just, good, really"
187,"want, time, think, things, talk"
188,"think, people, going, lot, good"
189,"time, good, lot, just, like"
190,"time, people, think, want, things"
191,"want, time, think, things, talk"
192,"going, things, want, think, like"
193,"lot, time, think, things, don"
194,"really, think, like, want, things"
195,"time, want, think, things, talk"
196,"think, want, time, things, talk"
197,"want, time, think, things, talk"
198,"think, want, time, things, talk"
199,"think, time, don, just, things"
200,"just, want, think, time, things"
201,"think, good, want, don, things"
202,"going, don, people, like, things"
203,"like, people, want, time, things"
204,"different, want, think, time, things"
205,"want, time, think, things, talk"
206,"want, people, think, time, things"
207,"want, don, like, lot, people"
208,"want, time, think, things, talk"
209,"want, people, think, time, things"
210,"like, want, think, time, things"
211,"like, want, think, time, things"
212,"want, time, think, things, talk"
213,"like, good, going, want, don"
214,"things, don, like, want, think"
215,"going, want, think, time, things"
216,"like, going, lot, don, different"
217,"people, like, different, time, don"
218,"good, going, people, want, things"
219,"don, like, different, lot, really"
220,"want, time, think, things, talk"
221,"want, time, think, things, talk"
222,"different, know, want, time, things"
223,"want, time, think, things, talk"
224,"people, good, english, time, don"
225,"like, lot, people, want, things"
226,"lot, people, want, time, things"
227,"time, talk, going, don, think"
228,"just, think, time, want, things"
229,"want, time, think, things, talk"
230,"english, want, think, time, things"
231,"think, going, don, like, things"
232,"want, time, think, things, talk"
233,"think, don, like, want, things"
234,"going, think, really, don, just"
235,"think, want, time, things, talk"
236,"things, don, just, want, time"
237,"want, time, think, things, talk"
238,"really, think, time, want, things"
239,"going, know, just, want, really"
240,"lot, time, people, like, language"
241,"want, different, time, don, people"
242,"know, lot, don, people, like"
243,"want, time, think, things, talk"
244,"want, time, think, things, talk"
245,"people, don, going, know, really"
246,"want, time, think, things, talk"
247,"people, lot, think, want, things"
248,"lot, don, people, think, just"
249,"english, going, lot, like, things"
250,"english, want, think, time, things"
251,"like, different, lot, want, things"
252,"lot, good, different, things, don"
253,"lot, want, think, time, things"
254,"want, time, think, things, talk"
255,"think, good, different, lot, like"
256,"english, going, want, time, things"
257,"talk, different, want, time, things"
258,"want, time, think, things, talk"
259,"good, think, don, want, things"
260,"good, know, think, lot, really"
261,"want, time, think, things, talk"
262,"think, want, time, things, talk"
263,"know, lot, like, want, things"
264,"good, think, really, don, things"
265,"think, know, don, like, good"
266,"think, say, know, don, things"
267,"english, going, listening, like, things"
268,"want, time, think, things, talk"
269,"want, time, think, things, talk"
270,"like, good, know, lot, don"
271,"want, time, think, things, talk"
272,"english, think, language, talk, different"
273,"english, think, time, want, things"
274,"good, lot, like, want, things"
275,"like, don, english, think, things"
276,"want, time, think, things, talk"
277,"lot, want, think, time, things"
278,"want, time, think, things, talk"
279,"lot, want, think, time, things"
280,"lot, time, think, want, things"
281,"time, like, think, want, things"
282,"good, time, think, want, things"
283,"want, time, think, things, talk"
284,"going, want, think, time, things"
285,"english, different, say, want, things"
286,"want, time, think, things, talk"
287,"like, know, lot, just, think"
288,"want, time, think, things, talk"
289,"know, don, just, people, things"
290,"people, like, good, english, don"
291,"want, time, think, things, talk"
292,"people, like, want, time, things"
293,"good, different, want, time, things"
294,"different, think, time, want, things"
295,"going, don, people, think, like"
296,"time, just, different, say, want"
297,"think, talk, lot, like, things"
298,"know, really, think, want, things"
299,"say, don, want, time, things"
300,"really, think, time, want, things"
301,"right, just, want, time, things"
302,"time, don, think, want, things"
303,"just, things, time, really, think"
304,"think, say, going, know, don"
305,"different, like, going, just, things"
306,"like, think, time, want, things"
307,"want, time, think, things, talk"
308,"want, don, like, time, things"
309,"know, people, want, time, things"
310,"lot, know, don, just, think"
311,"just, lot, like, time, listening"
312,"different, say, going, things, talk"
313,"time, just, think, good, lot"
314,"right, really, want, time, things"
315,"listening, talk, english, want, really"
316,"really, want, think, time, things"
317,"just, really, think, time, good"
318,"right, just, people, want, things"
319,"talk, want, people, think, things"
320,"want, time, think, things, talk"
321,"just, really, right, think, things"
322,"want, time, think, things, talk"
323,"talk, say, things, want, don"
324,"language, english, talk, right, say"
325,"people, language, good, say, going"
326,"language, people, talk, going, things"
327,"want, language, people, time, things"
328,"want, time, think, things, talk"
329,"really, think, right, say, lot"
330,"want, time, think, things, talk"
331,"right, things, just, think, want"
332,"time, want, think, things, talk"
333,"things, think, good, right, time"
334,"language, talk, right, things, lot"
335,"language, want, think, time, things"
336,"things, want, language, good, say"
337,"right, language, think, want, things"
338,"language, talk, want, time, things"
339,"right, think, want, don, talk"
340,"want, time, think, things, talk"
341,"want, time, think, things, talk"
342,"right, want, think, time, things"
343,"english, want, think, time, things"
344,"listening, time, lot, talk, want"
345,"want, time, think, things, talk"
346,"time, listening, talk, know, like"
347,"listening, time, english, going, think"
348,"know, lot, think, talk, like"
349,"different, want, just, like, good"
350,"think, want, time, things, talk"
351,"really, different, say, just, think"
352,"like, just, time, really, good"
353,"just, want, think, time, things"
354,"like, want, think, time, things"
355,"just, really, talk, right, lot"
356,"right, really, want, time, things"
357,"want, time, think, things, talk"
358,"going, want, lot, really, just"
359,"don, say, things, want, time"
360,"english, things, time, want, think"
361,"want, time, think, things, talk"
362,"really, want, lot, time, things"
363,"want, time, think, things, talk"
364,"just, want, think, time, things"
365,"people, like, want, time, things"
366,"really, lot, just, know, think"
367,"want, time, think, things, talk"
368,"really, time, good, know, just"
369,"talk, want, time, think, things"
370,"really, good, think, want, things"
371,"time, just, like, lot, going"
372,"like, things, good, know, really"
373,"listening, lot, time, just, things"
374,"going, say, know, want, things"
375,"think, want, time, things, talk"
376,"like, really, good, different, things"
377,"want, time, think, things, talk"
378,"really, good, things, like, know"
379,"things, want, time, think, talk"
380,"really, different, things, lot, just"
381,"talk, going, want, time, things"
382,"time, think, want, things, talk"
383,"want, time, think, things, talk"
384,"talk, want, think, time, things"
385,"talk, going, time, listening, right"
386,"listening, time, just, say, really"
387,"say, don, want, time, things"
388,"people, like, don, talk, time"
389,"time, just, think, want, things"
390,"say, good, right, really, people"
391,"say, going, know, just, talk"
392,"people, want, think, time, things"
393,"want, time, think, things, talk"
394,"say, really, people, want, things"
395,"people, going, really, think, like"
396,"people, right, really, don, just"
397,"people, talk, want, really, going"
398,"say, people, think, want, things"
399,"good, want, think, time, things"
400,"really, people, like, talk, don"
401,"talk, english, think, want, things"
402,"want, people, talk, going, things"
403,"lot, just, want, time, things"
404,"say, want, think, time, things"
405,"people, going, want, time, things"
406,"going, lot, like, talk, time"
407,"just, talk, going, time, people"
408,"going, want, people, like, things"
409,"really, want, think, time, things"
410,"listening, english, want, time, things"
411,"people, want, think, time, things"
412,"just, people, think, want, things"
413,"want, time, think, things, talk"
414,"people, say, like, really, don"
415,"people, don, want, time, things"
416,"really, think, talk, say, know"
417,"talk, say, lot, things, really"
418,"want, time, think, things, talk"
419,"listening, english, talk, time, people"
420,"want, time, think, things, talk"
421,"people, say, don, just, think"
422,"think, good, say, just, things"
423,"right, say, lot, just, things"
424,"want, time, think, things, talk"
425,"time, listening, different, know, things"
426,"really, just, people, different, going"
427,"just, want, think, time, things"
428,"just, want, think, time, things"
429,"english, know, really, want, things"
430,"talk, things, just, people, think"
431,"really, know, things, people, think"
432,"think, things, just, like, know"
433,"think, good, things, don, want"
434,"like, want, think, time, things"
435,"things, like, just, want, think"
436,"things, want, time, think, talk"
437,"right, time, really, just, things"
438,"right, really, things, just, think"
439,"going, want, really, good, things"
440,"things, time, really, just, think"
441,"things, think, really, just, good"
442,"really, just, want, don, think"
443,"want, time, think, things, talk"
444,"really, right, know, time, think"
445,"just, really, don, think, good"
446,"good, think, lot, people, like"
447,"think, good, people, right, different"
448,"things, think, don, really, going"
449,"lot, good, right, things, really"
450,"things, think, time, want, talk"
451,"don, want, think, time, things"
452,"right, good, things, just, think"
453,"want, listening, english, things, time"
454,"language, think, listening, different, time"
455,"language, think, time, want, things"
456,"language, right, lot, really, listening"
457,"language, want, think, time, things"
458,"want, time, think, things, talk"
459,"language, right, english, want, things"
460,"english, want, think, time, things"
461,"different, want, think, time, things"
462,"think, language, different, say, know"
463,"right, want, think, time, things"
464,"good, say, want, time, things"
465,"language, right, really, think, things"
466,"want, time, think, things, talk"
467,"language, want, think, time, things"
468,"really, want, think, time, things"
469,"know, different, don, like, things"
470,"language, think, different, lot, really"
471,"language, listening, right, english, want"
472,"english, really, people, want, things"
473,"want, time, think, things, talk"
474,"english, language, listening, want, really"
475,"language, english, think, talk, different"
476,"want, time, think, things, talk"
477,"language, things, really, want, think"
478,"want, time, think, things, talk"
479,"english, know, really, want, things"
480,"want, time, think, things, talk"
481,"language, going, english, different, think"
482,"like, want, think, time, things"
483,"language, english, people, think, talk"
484,"right, want, think, time, things"
485,"going, don, talk, say, think"
486,"language, talk, good, think, things"
487,"want, time, think, things, talk"
488,"language, good, like, want, things"
489,"right, like, want, time, things"
490,"right, want, think, time, things"
491,"different, don, like, english, things"
492,"language, people, good, think, really"
493,"want, time, think, things, talk"
494,"language, think, don, people, things"
495,"english, really, think, want, things"
496,"language, time, listening, talk, right"
497,"language, different, think, listening, time"
498,"different, really, people, want, things"
499,"talk, things, different, lot, time"
500,"time, people, english, say, like"
501,"really, different, people, talk, things"
502,"want, time, think, things, talk"
503,"say, really, just, people, like"
504,"want, time, think, things, talk"
505,"want, time, think, things, talk"
506,"really, lot, don, people, think"
507,"listening, english, people, want, things"
508,"want, time, think, things, talk"
509,"people, things, time, want, think"
510,"different, people, just, lot, really"
511,"like, time, people, lot, listening"
512,"really, don, people, like, things"
513,"people, think, time, want, things"
514,"really, people, going, time, things"
515,"people, like, really, lot, say"
516,"like, want, think, time, things"
517,"really, want, think, time, things"
518,"want, time, think, things, talk"
519,"like, don, things, lot, really"
520,"know, want, think, time, things"
521,"want, time, listening, talk, know"
522,"listening, want, think, time, things"
523,"time, like, think, want, things"
524,"right, lot, people, think, want"
525,"right, want, think, time, things"
526,"just, people, want, time, things"
527,"listening, time, really, language, talk"
528,"want, time, think, things, talk"
529,"want, time, think, things, talk"
530,"think, language, people, want, things"
531,"different, want, think, time, things"
532,"people, language, time, just, like"
533,"don, think, time, want, things"
534,"just, want, think, time, things"
535,"language, want, lot, people, think"
536,"language, really, want, time, things"
537,"english, language, lot, people, good"
538,"talk, time, like, listening, english"
539,"talk, time, really, just, say"
540,"language, really, lot, talk, time"
541,"talk, good, time, just, like"
542,"want, time, think, things, talk"
543,"different, listening, want, talk, good"
544,"want, time, think, things, talk"
545,"want, time, think, things, talk"
546,"people, lot, really, just, good"
547,"think, want, time, things, talk"
548,"want, time, think, things, talk"
549,"listening, time, people, right, really"
550,"going, really, want, time, things"
551,"people, like, want, time, things"
552,"listening, people, right, things, time"
553,"don, want, think, time, things"
554,"want, time, think, things, talk"
555,"people, right, just, language, listening"
556,"want, time, think, things, talk"
557,"want, time, think, things, talk"
558,"english, want, think, time, things"
559,"want, time, think, things, talk"
560,"want, time, think, things, talk"
561,"want, time, think, things, talk"
562,"listening, want, language, time, people"
563,"listening, english, time, talk, going"
564,"know, don, just, right, english"
565,"think, like, different, just, people"
566,"don, know, like, just, say"
567,"just, like, want, time, things"
568,"want, time, think, things, talk"
569,"don, like, want, time, things"
570,"just, want, think, time, things"
571,"just, like, english, say, listening"
572,"don, want, think, time, things"
573,"want, time, think, things, talk"
574,"listening, want, think, time, things"
575,"say, want, think, time, things"
576,"say, want, think, time, things"
577,"don, like, just, say, going"
578,"want, just, listening, good, english"
579,"want, time, think, things, talk"
580,"talk, going, want, time, things"
581,"talk, different, just, know, don"
582,"want, time, think, things, talk"
583,"time, just, talk, say, want"
584,"going, listening, just, like, different"
585,"just, think, listening, want, don"
586,"think, going, know, don, things"
587,"talk, right, things, don, just"
588,"know, don, want, time, things"
589,"different, right, really, don, just"
590,"going, people, think, right, don"
591,"different, english, people, listening, things"
592,"going, know, just, want, things"
593,"like, people, want, time, things"
594,"listening, time, people, like, things"
595,"listening, time, english, like, things"
596,"want, time, think, things, talk"
597,"listening, different, time, people, talk"
598,"listening, english, talk, time, just"
599,"things, different, like, want, people"
600,"things, good, people, lot, like"
601,"like, right, just, people, things"
602,"like, people, right, don, know"
603,"people, want, think, time, things"
604,"good, right, think, want, things"
605,"good, want, think, time, things"
606,"want, time, think, things, talk"
607,"think, right, say, going, don"
608,"right, want, think, time, things"
609,"say, people, good, right, different"
610,"don, want, think, time, things"
611,"different, really, people, say, going"
612,"right, want, think, time, things"
613,"things, good, people, going, like"
614,"good, lot, people, things, think"
615,"good, people, right, say, things"
616,"good, things, people, really, think"
617,"people, good, right, want, think"
618,"talk, right, just, people, things"
619,"talk, good, people, think, things"
620,"people, talk, different, think, right"
621,"want, right, think, time, things"
622,"want, say, just, time, things"
623,"right, things, good, say, just"
624,"right, time, people, want, things"
625,"right, want, good, really, don"
626,"want, time, think, things, talk"
627,"don, people, right, just, say"
628,"want, time, think, things, talk"
629,"good, say, want, really, people"
630,"right, want, think, time, things"
631,"people, right, good, just, think"
632,"right, going, things, just, people"
633,"english, right, know, people, things"
634,"right, want, think, time, things"
635,"listening, right, time, really, things"
636,"want, just, like, time, things"
637,"english, want, think, time, things"
638,"listening, want, time, think, things"
639,"time, listening, right, know, things"
640,"things, think, want, really, talk"
641,"know, just, want, time, things"
642,"things, really, don, right, think"
643,"want, time, think, things, talk"
644,"really, like, want, time, things"
645,"don, people, things, want, lot"
646,"people, talk, just, going, things"
647,"want, time, think, things, talk"
648,"people, good, don, think, talk"
649,"english, want, think, time, things"
650,"english, just, lot, things, don"
651,"listening, english, time, really, things"
652,"things, really, don, different, want"
653,"right, think, time, want, things"
654,"lot, people, listening, different, just"
655,"want, time, think, things, talk"
656,"want, time, think, things, talk"
657,"listening, things, want, time, think"
658,"want, time, think, things, talk"
659,"want, time, think, things, talk"
660,"want, time, think, things, talk"
661,"time, listening, know, want, things"
662,"things, talk, different, want, think"
663,"listening, things, lot, just, like"
664,"want, time, think, things, talk"
665,"people, talk, like, want, things"
666,"don, think, time, want, things"
667,"think, things, don, lot, people"
668,"want, say, know, lot, think"
669,"like, lot, people, want, things"
670,"time, don, just, like, things"
671,"talk, people, things, don, just"
672,"think, things, don, good, different"
673,"like, things, want, just, think"
674,"want, time, think, things, talk"
675,"really, good, right, want, people"
676,"good, people, think, say, want"
677,"listening, want, time, think, things"
678,"want, time, think, things, talk"
679,"know, don, lot, different, like"
680,"want, time, think, things, talk"
681,"know, lot, different, people, language"
682,"think, talk, want, people, things"
683,"want, time, think, things, talk"
684,"know, people, different, just, like"
685,"think, want, don, people, good"
686,"just, think, time, want, things"
687,"think, don, people, want, things"
688,"want, time, think, things, talk"
689,"things, people, don, want, think"
690,"think, don, things, good, just"
691,"want, time, think, things, talk"
692,"things, know, don, people, like"
693,"say, talk, know, people, think"
694,"say, think, talk, going, just"
695,"time, listening, know, want, things"
696,"things, people, talk, different, say"
697,"don, talk, say, want, time"
698,"listening, really, different, people, language"
699,"language, know, think, right, different"
700,"language, just, want, time, things"
701,"just, talk, different, really, like"
702,"different, things, don, think, like"
703,"things, talk, different, don, people"
704,"different, talk, things, say, just"
705,"people, things, know, really, think"
706,"want, time, think, things, talk"
707,"different, right, going, things, lot"
708,"different, going, want, time, things"
709,"like, right, different, want, things"
710,"things, think, time, want, talk"
711,"talk, things, lot, just, good"
712,"want, time, think, things, talk"
713,"things, really, good, different, time"
714,"language, like, good, know, really"
715,"language, really, think, good, english"
716,"listening, different, want, time, really"
717,"people, different, lot, really, don"
718,"different, people, think, things, really"
719,"english, different, want, time, things"
720,"listening, want, think, time, things"
721,"want, time, think, things, talk"
722,"people, different, going, want, lot"
723,"people, like, language, right, say"
724,"listening, want, people, good, lot"
725,"time, listening, right, know, things"
726,"good, talk, want, going, think"
727,"things, don, talk, right, lot"
728,"want, time, think, things, talk"
729,"language, different, going, don, things"
730,"listening, time, right, really, talk"
731,"think, things, people, like, want"
732,"think, want, time, things, talk"
733,"think, different, people, right, don"
734,"different, things, like, really, people"
735,"think, right, going, just, like"
736,"english, people, think, language, different"
737,"language, say, people, want, things"
738,"want, time, think, things, talk"
739,"english, think, language, people, different"
740,"don, think, time, want, things"
741,"english, people, think, right, going"
742,"time, want, think, things, talk"
743,"think, english, don, people, going"
744,"want, time, think, things, talk"
745,"things, people, think, lot, want"
746,"right, think, time, want, things"
747,"things, lot, think, like, say"
748,"think, people, right, going, know"
749,"want, time, think, things, talk"
750,"think, just, people, want, things"
751,"things, right, people, think, like"
752,"english, listening, things, time, like"
753,"things, lot, don, just, people"
754,"right, want, think, time, things"
755,"don, want, think, time, things"
756,"right, time, think, want, things"
757,"right, want, think, time, things"
758,"think, right, different, things, people"
759,"lot, people, different, things, think"
760,"just, want, time, people, things"
761,"things, lot, time, want, think"
762,"think, good, things, really, like"
763,"listening, english, want, time, things"
764,"listening, want, think, time, things"
765,"want, think, time, things, talk"
766,"want, time, think, things, talk"
767,"different, talk, time, listening, know"
768,"want, time, think, things, talk"
769,"like, different, things, want, think"
770,"listening, talk, going, time, english"
771,"time, listening, know, want, things"
772,"like, talk, just, language, things"
773,"language, different, say, really, think"
774,"want, time, think, things, talk"
775,"really, just, good, think, things"
776,"want, time, think, things, talk"
777,"want, time, think, things, talk"
778,"want, time, think, things, talk"
779,"just, like, want, time, things"
780,"english, want, think, time, things"
781,"want, time, think, things, talk"
782,"english, think, time, want, things"
783,"talk, english, say, time, don"
784,"just, time, right, want, think"
785,"right, want, think, time, things"
786,"language, don, like, want, things"
787,"english, think, time, want, things"
788,"really, just, want, time, things"
789,"people, english, want, time, things"
790,"listening, know, like, things, people"
791,"things, right, english, really, like"
792,"really, want, think, time, things"
793,"really, just, right, things, say"
794,"right, time, think, want, things"
795,"like, really, language, english, going"
796,"language, lot, really, just, like"
797,"just, like, good, really, right"
798,"like, good, think, different, really"
799,"want, time, think, things, talk"
800,"want, time, think, things, talk"
801,"like, want, right, just, going"
802,"english, say, really, just, things"
803,"listening, want, time, think, things"
804,"like, english, want, time, things"
805,"really, want, think, time, things"
806,"listening, english, time, language, talk"
807,"want, time, think, things, talk"
808,"listening, time, think, want, things"
809,"think, good, don, like, things"
810,"just, things, want, lot, really"
811,"want, time, think, things, talk"
812,"really, talk, say, going, want"
813,"really, know, want, time, things"
814,"want, time, think, things, talk"
815,"think, talk, different, don, just"
816,"going, really, just, lot, listening"
817,"want, time, think, things, talk"
818,"really, language, want, time, things"
819,"language, going, want, really, things"
820,"like, listening, going, just, things"
821,"want, language, really, don, things"
822,"right, want, think, time, things"
823,"talk, right, say, going, want"
824,"really, just, going, time, things"
825,"good, really, just, think, want"
826,"things, like, time, want, think"
827,"good, different, just, want, things"
828,"want, time, think, things, talk"
829,"talk, different, going, lot, people"
830,"really, just, want, time, things"
831,"want, time, think, things, talk"
832,"know, want, think, time, things"
833,"want, time, think, things, talk"
834,"really, talk, going, listening, different"
835,"people, talk, know, really, like"
836,"want, time, think, things, talk"
837,"want, things, time, think, talk"
838,"listening, english, want, time, think"
839,"going, really, things, know, lot"
840,"want, time, think, things, talk"
841,"right, different, want, time, things"
842,"want, time, think, things, talk"
843,"things, want, time, think, talk"
844,"listening, time, really, english, like"
845,"want, listening, talk, time, people"
846,"time, really, don, just, listening"
847,"lot, listening, language, don, going"
848,"really, want, think, time, things"
849,"listening, language, want, lot, time"
850,"going, listening, right, lot, different"
851,"lot, want, think, time, things"
852,"listening, going, lot, want, things"
853,"want, time, think, things, talk"
854,"want, time, think, things, talk"
855,"want, time, think, things, talk"
856,"language, things, want, just, think"
857,"listening, going, just, talk, time"
858,"listening, language, just, think, english"
859,"language, lot, time, english, different"
860,"listening, want, time, language, right"
861,"things, want, really, think, language"
862,"don, just, want, listening, talk"
863,"really, think, time, want, things"
864,"right, want, don, just, things"
865,"talk, right, know, things, just"
866,"listening, want, time, like, things"
867,"want, time, think, things, talk"
868,"listening, want, time, just, different"
869,"want, don, think, time, things"
870,"good, language, want, think, things"
871,"want, time, think, things, talk"
872,"people, listening, just, want, things"
873,"want, time, think, things, talk"
874,"time, listening, know, want, things"
875,"going, don, language, listening, talk"
876,"want, language, good, say, know"
877,"really, time, just, listening, like"
878,"really, right, think, want, things"
879,"just, know, lot, don, people"
880,"really, good, right, different, know"
881,"right, time, think, want, things"
882,"really, right, different, know, like"
883,"really, different, want, time, things"
884,"different, think, like, want, things"
885,"really, time, just, good, know"
886,"right, different, want, time, things"
887,"time, want, think, things, talk"
888,"really, good, say, just, things"
889,"want, time, think, things, talk"
890,"want, time, think, things, talk"
891,"want, time, think, things, talk"
892,"lot, really, like, good, going"
893,"want, time, think, things, talk"
894,"really, things, lot, good, different"
895,"want, time, think, things, talk"
896,"time, want, think, things, talk"
897,"want, time, think, things, talk"
898,"like, good, different, know, things"
899,"good, want, think, time, things"
900,"different, things, think, like, want"
901,"really, want, think, time, things"
902,"really, good, right, know, just"
903,"good, really, want, time, things"
904,"know, want, think, time, things"
905,"really, good, want, time, things"
906,"really, like, good, things, lot"
907,"listening, english, things, like, think"
908,"really, time, just, want, things"
909,"want, time, think, things, talk"
910,"want, listening, good, different, time"
911,"just, listening, different, want, lot"
912,"want, time, think, things, talk"
913,"listening, want, time, think, things"
914,"time, listening, talk, think, like"
915,"want, time, think, things, talk"
916,"lot, want, think, time, things"
917,"want, time, think, things, talk"
918,"really, like, say, just, things"
919,"really, like, right, just, talk"
920,"different, want, think, time, things"
921,"want, time, think, things, talk"
922,"really, lot, just, like, things"
923,"people, think, time, want, things"
924,"want, time, think, things, talk"
925,"talk, things, like, want, think"
926,"like, different, know, lot, really"
927,"really, just, right, different, know"
928,"want, time, think, things, talk"
929,"really, like, different, lot, listening"
930,"just, like, don, say, know"
931,"just, good, lot, time, want"
932,"want, time, think, things, talk"
933,"listening, good, going, things, want"
934,"know, time, listening, talk, right"
935,"think, right, like, want, things"
936,"right, going, want, time, things"
937,"listening, time, good, want, talk"
938,"things, good, don, think, want"
939,"time, things, think, say, want"
940,"want, things, talk, good, right"
941,"lot, people, think, want, things"
942,"think, time, good, english, say"
943,"want, really, think, right, things"
944,"want, time, think, things, talk"
945,"things, like, good, say, want"
946,"things, think, good, right, lot"
947,"things, think, people, good, right"
948,"want, time, think, things, talk"
949,"think, going, good, just, right"
950,"want, think, right, things, really"
951,"things, just, time, want, think"
952,"things, say, just, think, good"
953,"things, good, really, think, want"
954,"listening, want, really, time, things"
955,"listening, time, think, want, things"
956,"things, want, really, don, just"
957,"things, want, right, different, lot"
958,"want, time, think, things, talk"
959,"language, want, things, don, just"
960,"want, really, going, things, like"
961,"english, listening, language, don, like"
962,"want, time, think, things, talk"
963,"like, english, don, know, lot"
964,"want, time, think, things, talk"
965,"things, really, time, don, just"
966,"good, want, think, time, things"
967,"want, listening, time, talk, english"
968,"don, just, say, want, really"
969,"think, listening, time, good, say"
970,"things, just, right, want, really"
971,"just, think, things, time, want"
972,"think, talk, say, going, things"
973,"think, don, time, want, things"
974,"don, like, want, say, just"
975,"think, want, time, things, talk"
976,"want, time, think, things, talk"
977,"time, lot, think, want, things"
978,"say, want, time, right, things"
979,"time, think, want, things, talk"
980,"things, time, want, think, talk"
981,"time, lot, don, like, things"
982,"think, good, going, know, things"
983,"think, things, time, don, like"
984,"don, want, think, time, things"
985,"things, don, talk, different, want"
986,"just, right, want, time, things"
987,"don, think, like, want, things"
988,"don, want, think, time, things"
989,"know, want, like, say, things"
990,"want, time, think, things, talk"
991,"don, language, know, time, like"
992,"think, know, things, time, want"
993,"english, want, think, time, things"
994,"don, want, think, time, things"
995,"language, know, just, want, things"
996,"want, don, just, time, things"
997,"language, don, just, want, things"
998,"listening, want, think, time, things"
999,"listening, want, think, time, things"
1000,"time, want, think, things, talk"
1001,"listening, just, people, talk, english"
1002,"listening, time, talk, different, like"
1003,"want, time, think, things, talk"
1004,"like, think, don, just, want"
1005,"want, time, think, things, talk"
1006,"people, want, think, time, things"
1007,"people, think, say, know, don"
1008,"just, want, think, time, things"
1009,"want, time, think, things, talk"
1010,"don, just, want, time, things"
1011,"people, say, think, like, things"
1012,"want, time, think, things, talk"
1013,"say, don, just, want, things"
1014,"don, like, lot, different, say"
1015,"going, talk, lot, different, like"
1016,"don, want, like, time, things"
1017,"like, right, want, time, things"
1018,"want, time, think, things, talk"
1019,"don, want, think, like, things"
1020,"don, talk, things, want, lot"
1021,"know, just, think, like, right"
1022,"don, want, people, say, lot"
1023,"listening, time, think, talk, want"
1024,"don, like, know, just, say"
1025,"like, just, right, going, people"
1026,"right, want, think, time, things"
1027,"people, things, just, want, think"
1028,"think, say, really, like, things"
1029,"think, people, say, know, want"
1030,"think, want, time, things, talk"
1031,"want, time, think, things, talk"
1032,"listening, time, think, want, things"
1033,"right, just, want, time, things"
1034,"things, people, like, just, right"
1035,"want, time, think, things, talk"
1036,"know, don, want, time, things"
1037,"want, time, think, things, talk"
1038,"really, like, know, things, want"
1039,"don, like, want, just, think"
1040,"listening, want, think, time, things"
1041,"don, things, think, say, want"
1042,"say, going, different, don, just"
1043,"listening, time, lot, talk, good"
1044,"talk, different, people, want, things"
1045,"people, think, don, good, right"
1046,"listening, time, talk, english, going"
1047,"people, different, really, going, don"
1048,"really, want, think, time, things"
1049,"don, people, different, want, like"
1050,"people, just, different, want, like"
1051,"really, want, think, time, things"
1052,"right, just, people, think, like"
1053,"really, like, good, don, just"
1054,"people, want, think, time, things"
1055,"like, want, think, time, things"
1056,"listening, good, like, want, things"
1057,"talk, listening, good, really, people"
1058,"really, people, good, different, lot"
1059,"want, time, think, things, talk"
1060,"want, time, think, things, talk"
1061,"want, time, think, things, talk"
1062,"good, different, say, things, really"
1063,"different, things, really, want, think"
1064,"like, things, really, know, don"
1065,"different, really, want, time, things"
1066,"don, know, like, talk, right"
1067,"right, know, just, like, different"
1068,"want, time, think, things, talk"
1069,"people, want, time, really, just"
1070,"really, like, don, just, people"
1071,"know, don, want, time, things"
1072,"want, time, think, things, talk"
1073,"listening, english, different, going, want"
1074,"different, lot, like, listening, english"
1075,"like, want, think, time, things"
1076,"time, listening, know, want, things"
1077,"talk, people, think, going, really"
1078,"listening, english, time, really, good"
1079,"really, think, talk, don, just"
1080,"really, don, people, want, things"
1081,"want, time, think, things, talk"
1082,"like, really, say, going, want"
1083,"want, time, think, things, talk"
1084,"just, people, like, want, things"
1085,"really, different, people, think, talk"
1086,"people, different, going, really, don"
1087,"things, just, time, want, think"
1088,"really, don, time, just, things"
1089,"really, people, want, time, things"
1090,"talk, different, know, things, want"
1091,"right, want, think, time, things"
1092,"people, different, want, time, things"
1093,"say, want, think, time, things"
1094,"really, like, say, people, things"
1095,"want, time, think, things, talk"
1096,"really, different, people, want, things"
1097,"want, time, think, things, talk"
1098,"want, time, think, things, talk"
1099,"want, time, think, things, talk"
1100,"want, time, think, things, talk"
1101,"people, really, good, different, like"
1102,"people, really, don, just, things"
1103,"going, think, like, right, different"
1104,"really, say, think, like, things"
1105,"things, time, people, like, listening"
1106,"listening, english, time, want, things"
1107,"listening, different, english, really, talk"
1108,"time, listening, right, know, things"
1109,"talk, different, want, time, things"
1110,"things, think, like, time, want"
1111,"listening, time, english, going, really"
1112,"want, time, think, things, talk"
1113,"just, think, say, people, like"
1114,"language, think, people, things, really"
1115,"time, say, language, just, people"
1116,"language, talk, good, really, people"
1117,"right, just, language, lot, don"
1118,"want, time, think, things, talk"
1119,"right, want, think, time, things"
1120,"people, lot, just, say, want"
1121,"think, want, time, things, talk"
1122,"right, good, going, really, things"
1123,"talk, things, really, people, like"
1124,"want, time, think, things, talk"
1125,"want, time, think, things, talk"
1126,"like, good, things, don, think"
1127,"like, people, think, really, things"
1128,"good, really, don, just, things"
1129,"say, things, really, don, like"
1130,"don, want, think, time, things"
1131,"like, things, good, really, english"
1132,"really, want, think, time, things"
1133,"listening, good, things, time, think"
1134,"want, time, think, things, talk"
1135,"really, listening, people, want, things"
1136,"people, listening, different, want, really"
1137,"want, time, think, things, talk"
1138,"say, time, listening, talk, know"
1139,"listening, time, english, going, things"
1140,"talk, people, english, going, things"
1141,"different, say, lot, just, people"
1142,"people, think, say, time, right"
1143,"want, time, think, things, talk"
1144,"people, say, lot, talk, things"
1145,"people, want, think, time, things"
1146,"think, talk, lot, don, people"
1147,"lot, think, things, just, different"
1148,"don, want, think, time, things"
1149,"don, want, think, time, things"
1150,"really, think, time, want, things"
1151,"really, say, like, want, things"
1152,"people, want, like, time, things"
1153,"right, say, things, want, think"
1154,"like, things, people, think, talk"
1155,"want, time, think, things, talk"
1156,"want, time, think, things, talk"
1157,"want, time, think, things, talk"
1158,"things, really, just, like, think"
1159,"things, just, good, say, different"
1160,"want, time, think, things, talk"
1161,"listening, want, think, time, things"
1162,"want, time, think, things, talk"
1163,"really, time, lot, just, things"
1164,"things, don, talk, really, just"
1165,"want, time, think, things, talk"
1166,"really, people, lot, listening, english"
1167,"english, want, think, time, things"
1168,"know, english, time, like, things"
1169,"different, lot, want, time, things"
1170,"really, things, just, listening, right"
1171,"english, want, think, time, things"
1172,"english, different, know, really, people"
1173,"talk, english, time, listening, people"
1174,"listening, time, people, want, things"
1175,"talk, don, think, want, things"
1176,"right, people, think, want, things"
1177,"going, things, time, don, just"
1178,"don, people, like, want, really"
1179,"right, want, think, time, things"
1180,"want, don, think, time, things"
1181,"people, things, like, want, don"
1182,"think, good, know, people, things"
1183,"want, time, think, things, talk"
1184,"people, really, say, just, know"
1185,"just, say, going, want, people"
1186,"right, want, think, time, things"
1187,"right, think, know, want, really"
1188,"people, think, talk, different, good"
1189,"people, think, time, want, things"
1190,"people, think, know, good, right"
1191,"really, think, talk, good, know"
1192,"want, time, think, things, talk"
1193,"think, want, right, people, things"
1194,"people, don, think, like, good"
1195,"want, people, think, listening, talk"
1196,"just, want, think, time, things"
1197,"want, people, think, really, good"
1198,"listening, english, lot, want, things"
1199,"want, time, think, things, talk"
1200,"time, listening, know, want, things"
1201,"right, want, think, time, things"
1202,"people, talk, english, just, different"
1203,"want, people, like, time, things"
1204,"listening, time, good, english, really"
1205,"different, things, lot, really, like"
1206,"right, know, don, think, things"
1207,"really, people, right, different, know"
1208,"different, things, really, just, language"
1209,"english, really, just, want, things"
1210,"language, things, english, don, think"
1211,"good, english, people, want, things"
1212,"language, like, english, different, time"
1213,"right, want, think, time, things"
1214,"people, language, like, english, different"
1215,"language, english, things, really, say"
1216,"language, english, say, time, things"
1217,"people, english, just, language, good"
1218,"don, english, language, listening, want"
1219,"listening, want, think, time, things"
1220,"think, want, time, things, talk"
1221,"language, listening, just, want, things"
1222,"know, don, really, time, listening"
1223,"want, time, think, things, talk"
1224,"people, listening, don, want, things"
1225,"want, time, think, things, talk"
1226,"know, time, people, listening, talk"
1227,"right, want, think, time, things"
1228,"people, really, don, just, things"
1229,"want, time, think, things, talk"
1230,"people, good, say, know, really"
1231,"really, just, people, want, things"
1232,"really, talk, people, language, good"
1233,"talk, really, english, different, time"
1234,"listening, talk, english, different, lot"
1235,"good, really, talk, going, people"
1236,"time, people, think, want, things"
1237,"say, really, think, want, things"
1238,"language, want, think, time, things"
1239,"right, listening, talk, good, don"
1240,"language, listening, want, time, things"
1241,"want, time, think, things, talk"
1242,"language, things, good, talk, english"
1243,"listening, want, think, time, things"
1244,"want, time, think, things, talk"
1245,"want, time, think, things, talk"
1246,"listening, different, just, people, things"
1247,"right, time, listening, know, things"
1248,"things, talk, different, want, time"
1249,"want, time, think, things, talk"
1250,"listening, english, talk, language, people"
1251,"talk, english, lot, want, things"
1252,"want, time, think, things, talk"
1253,"english, going, language, say, time"
1254,"going, time, language, really, like"
1255,"english, going, want, time, things"
1256,"going, right, english, time, things"
1257,"english, going, really, don, things"
1258,"going, talk, want, time, things"
1259,"going, lot, right, really, think"
1260,"want, time, think, things, talk"
1261,"going, don, know, lot, things"
1262,"don, time, think, want, things"
1263,"want, time, think, things, talk"
1264,"going, lot, don, like, say"
1265,"going, want, think, time, things"
1266,"like, lot, want, time, things"
1267,"listening, want, time, talk, think"
1268,"english, listening, language, right, going"
1269,"know, don, want, time, things"
1270,"listening, language, english, going, lot"
1271,"things, language, talk, different, lot"
1272,"time, good, right, going, things"
1273,"want, going, time, right, lot"
1274,"listening, language, right, different, say"
1275,"like, listening, lot, different, time"
1276,"time, talk, say, really, language"
1277,"things, language, listening, right, different"
1278,"really, want, think, time, things"
1279,"like, lot, just, time, listening"
1280,"different, just, say, like, things"
1281,"know, want, think, time, things"
1282,"really, want, think, time, things"
1283,"think, want, time, things, talk"
1284,"really, things, like, time, think"
1285,"right, time, just, know, things"
1286,"good, want, think, time, things"
1287,"want, time, think, things, talk"
1288,"don, different, like, lot, really"
1289,"like, different, really, good, things"
1290,"going, lot, think, want, things"
1291,"say, want, think, time, things"
1292,"want, time, think, things, talk"
1293,"different, say, lot, really, think"
1294,"things, really, just, different, like"
1295,"different, right, things, just, think"
1296,"think, really, like, just, good"
1297,"think, want, time, things, talk"
1298,"right, don, want, time, things"
1299,"different, want, talk, time, things"
1300,"want, time, think, things, talk"
1301,"talk, english, different, things, want"
1302,"want, time, think, things, talk"
1303,"talk, things, time, want, think"
1304,"want, time, think, things, talk"
1305,"want, time, think, things, talk"
1306,"want, time, think, things, talk"
1307,"english, want, think, time, things"
1308,"want, time, think, things, talk"
1309,"talk, right, know, things, want"
1310,"lot, listening, different, think, talk"
1311,"want, time, think, things, talk"
1312,"right, different, just, want, things"
1313,"people, right, lot, time, just"
1314,"people, want, things, lot, talk"
1315,"right, want, think, time, things"
1316,"people, don, just, going, time"
1317,"want, time, think, things, talk"
1318,"talk, good, people, want, things"
1319,"want, time, think, things, talk"
1320,"right, want, think, time, things"
1321,"just, want, think, time, things"
1322,"want, time, think, things, talk"
1323,"time, going, think, want, things"
1324,"want, time, think, things, talk"
1325,"say, really, right, things, lot"
1326,"good, want, think, time, things"
1327,"really, right, want, time, things"
1328,"time, want, think, things, talk"
1329,"right, know, really, want, things"
1330,"good, right, say, know, people"
1331,"really, want, think, time, things"
1332,"going, people, right, lot, time"
1333,"want, time, think, things, talk"
1334,"right, people, like, say, things"
1335,"people, don, right, really, think"
1336,"people, different, going, want, lot"
1337,"different, english, want, time, things"
1338,"people, like, want, time, things"
1339,"right, want, think, time, things"
1340,"things, know, people, want, think"
1341,"right, know, things, really, just"
1342,"right, want, think, time, things"
1343,"people, want, think, time, things"
1344,"think, english, know, want, lot"
1345,"know, lot, like, want, things"
1346,"english, know, want, like, things"
1347,"time, listening, know, want, things"
1348,"people, different, just, talk, think"
1349,"listening, time, english, going, things"
1350,"just, want, think, time, things"
1351,"people, going, know, lot, right"
1352,"say, want, time, just, like"
1353,"really, want, think, time, things"
1354,"like, just, lot, time, don"
1355,"people, talk, things, right, don"
1356,"people, want, think, time, things"
1357,"don, like, right, say, lot"
1358,"talk, lot, think, want, things"
1359,"time, don, say, lot, just"
1360,"time, just, think, want, things"
1361,"right, like, want, time, things"
1362,"talk, lot, people, listening, want"
1363,"want, listening, time, think, things"
1364,"like, want, say, talk, people"
1365,"say, like, want, really, talk"
1366,"want, don, people, like, things"
1367,"just, think, time, want, things"
1368,"listening, want, time, like, things"
1369,"things, language, listening, good, really"
1370,"want, time, think, things, talk"
1371,"know, time, listening, like, things"
1372,"talk, going, want, time, things"
1373,"just, people, want, time, things"
1374,"talk, want, think, time, things"
1375,"talk, right, want, time, things"
1376,"people, listening, time, don, think"
1377,"right, don, people, want, things"
1378,"people, just, english, like, say"
1379,"really, don, want, time, things"
1380,"know, lot, like, want, things"
1381,"want, time, think, things, talk"
1382,"good, english, think, say, going"
1383,"people, want, really, talk, right"
1384,"right, want, think, time, things"
1385,"people, lot, like, things, talk"
1386,"people, want, think, time, things"
1387,"things, really, lot, people, like"
1388,"different, say, things, want, think"
1389,"want, time, think, things, talk"
1390,"people, different, want, really, things"
1391,"lot, really, people, want, things"
1392,"want, time, think, things, talk"
1393,"people, say, really, like, things"
1394,"say, english, want, like, things"
1395,"think, like, say, people, things"
1396,"people, really, talk, different, just"
1397,"people, lot, time, really, don"
1398,"lot, people, want, time, things"
1399,"listening, want, think, time, things"
1400,"english, want, think, time, things"
1401,"want, time, think, things, talk"
1402,"people, good, like, lot, really"
1403,"right, don, want, time, things"
1404,"want, time, think, things, talk"
1405,"want, time, think, things, talk"
1406,"listening, english, want, time, things"
1407,"want, time, think, things, talk"
1408,"english, want, think, time, things"
1409,"talk, like, right, things, time"
1410,"listening, talk, want, really, think"
1411,"right, want, think, time, things"
1412,"really, don, think, want, things"
1413,"say, really, don, just, things"
1414,"want, time, think, things, talk"
1415,"want, time, think, things, talk"
1416,"know, talk, good, say, really"
1417,"people, good, just, lot, think"
1418,"people, talk, language, going, like"
1419,"want, time, think, things, talk"
1420,"talk, different, want, time, things"
1421,"time, people, like, language, good"
1422,"language, time, don, things, really"
1423,"want, really, language, english, going"
1424,"just, going, right, want, time"
1425,"different, language, talk, want, lot"
1426,"going, time, right, want, lot"
1427,"going, just, know, things, lot"
1428,"want, time, think, things, talk"
1429,"know, don, going, lot, things"
1430,"want, time, think, things, talk"
1431,"want, time, think, things, talk"
1432,"time, things, really, just, good"
1433,"different, want, think, time, things"
1434,"want, time, think, things, talk"
1435,"listening, want, time, really, things"
1436,"listening, english, want, time, really"
1437,"english, want, think, time, things"
1438,"want, time, think, things, talk"
1439,"english, know, like, want, things"
1440,"time, listening, talk, know, things"
1441,"lot, want, think, time, things"
1442,"listening, want, time, like, talk"
1443,"different, really, like, say, things"
1444,"different, don, just, think, like"
1445,"like, know, different, really, things"
1446,"just, want, think, time, things"
1447,"just, want, think, time, things"
1448,"like, really, different, things, don"
1449,"know, think, time, want, things"
1450,"want, talk, going, things, lot"
1451,"english, want, think, time, things"
1452,"good, want, think, time, things"
1453,"want, people, like, time, things"
1454,"right, like, really, think, going"
1455,"know, don, want, time, things"
1456,"want, time, think, things, talk"
1457,"like, right, really, think, say"
1458,"talk, just, want, time, things"
1459,"want, just, know, time, don"
1460,"listening, want, like, time, things"
1461,"lot, think, time, want, things"
1462,"different, right, lot, time, really"
1463,"want, time, think, things, talk"
1464,"different, like, lot, really, just"
1465,"lot, things, really, different, think"
1466,"different, like, want, time, things"
1467,"want, time, think, things, talk"
1468,"listening, english, like, want, things"
1469,"going, really, think, different, lot"
1470,"know, really, don, want, things"
1471,"want, time, think, things, talk"
1472,"right, want, think, time, things"
1473,"want, time, think, things, talk"
1474,"listening, different, time, english, want"
1475,"want, talk, listening, english, know"
1476,"want, time, think, things, talk"
1477,"time, listening, right, know, things"
1478,"different, talk, want, time, things"
1479,"want, really, like, time, things"
1480,"want, time, think, things, talk"
1481,"listening, going, different, time, talk"
1482,"say, things, don, like, think"
1483,"want, time, think, things, talk"
1484,"want, time, think, things, talk"
1485,"want, time, think, things, talk"
1486,"don, just, talk, know, want"
1487,"want, time, think, things, talk"
1488,"want, time, think, things, talk"
1489,"right, know, don, want, things"
1490,"going, things, different, don, talk"
1491,"right, really, going, know, don"
1492,"different, just, think, want, things"
1493,"say, going, know, time, things"
1494,"good, really, don, like, things"
1495,"talk, listening, good, english, want"
1496,"really, things, time, want, think"
1497,"want, just, things, right, different"
1498,"listening, talk, english, different, want"
1499,"right, say, know, want, don"
1500,"want, time, think, things, talk"
1501,"really, like, want, time, things"
1502,"right, want, lot, just, people"
1503,"different, want, just, like, things"
1504,"want, time, think, things, talk"
1505,"english, know, want, time, things"
1506,"want, time, think, things, talk"
1507,"different, want, people, like, things"
1508,"want, time, think, things, talk"
1509,"different, things, want, talk, think"
1510,"want, time, think, things, talk"
1511,"listening, good, want, time, things"
1512,"want, time, listening, different, know"
1513,"talk, people, right, want, lot"
1514,"right, different, want, time, things"
1515,"listening, time, english, want, things"
1516,"talk, people, good, going, really"
1517,"want, time, think, things, talk"
1518,"people, listening, want, time, things"
1519,"talk, want, just, listening, don"
1520,"don, just, like, want, things"
1521,"good, want, think, time, things"
1522,"language, say, things, want, like"
1523,"people, language, say, want, like"
1524,"language, listening, know, just, things"
1525,"language, different, just, people, things"
1526,"good, don, want, time, things"
1527,"different, really, don, just, like"
1528,"listening, people, want, time, things"
1529,"say, things, just, like, think"
1530,"like, time, say, just, things"
1531,"say, time, don, right, going"
1532,"want, think, time, don, just"
1533,"really, language, talk, english, don"
1534,"say, things, right, time, just"
1535,"don, say, listening, good, right"
1536,"say, time, like, want, things"
1537,"don, say, english, going, just"
1538,"want, time, think, things, talk"
1539,"english, don, like, right, say"
1540,"english, really, don, want, things"
1541,"don, english, just, want, things"
1542,"going, language, don, just, want"
1543,"want, time, think, things, talk"
1544,"don, really, language, english, say"
1545,"want, time, think, things, talk"
1546,"listening, different, want, time, things"
1547,"listening, english, know, time, people"
1548,"listening, talk, different, people, good"
1549,"think, don, things, just, right"
1550,"want, time, think, things, talk"
1551,"talk, people, think, things, really"
1552,"want, time, think, things, talk"
1553,"don, want, just, listening, right"
1554,"things, lot, time, want, think"
1555,"things, lot, time, want, think"
1556,"say, want, think, time, things"
1557,"don, just, people, things, know"
1558,"want, don, think, time, things"
1559,"know, things, time, want, think"
1560,"want, time, think, things, talk"
1561,"want, time, think, things, talk"
1562,"things, think, just, time, want"
1563,"don, say, things, think, want"
1564,"don, things, different, lot, people"
1565,"different, things, lot, really, just"
1566,"want, time, think, things, talk"
1567,"know, really, people, want, things"
1568,"language, different, time, just, listening"
1569,"want, time, think, things, talk"
1570,"different, want, think, time, things"
1571,"want, time, think, things, talk"
1572,"listening, like, want, time, things"
1573,"like, good, know, lot, things"
1574,"really, just, want, time, things"
1575,"people, want, think, time, things"
1576,"think, really, things, time, just"
1577,"want, time, think, things, talk"
1578,"listening, think, talk, know, time"
1579,"listening, time, english, know, talk"
1580,"good, want, say, know, lot"
1581,"say, just, think, want, things"
1582,"think, good, don, going, know"
1583,"say, different, things, time, think"
1584,"want, time, don, think, things"
1585,"want, right, really, just, good"
1586,"right, just, going, want, time"
1587,"say, going, want, time, things"
1588,"don, lot, want, time, things"
1589,"know, like, want, time, things"
1590,"language, say, want, time, things"
1591,"think, say, good, right, english"
1592,"time, going, things, want, just"
1593,"right, want, don, good, things"
1594,"want, don, right, say, lot"
1595,"language, lot, just, people, say"
1596,"just, say, going, language, listening"
1597,"right, really, want, time, things"
1598,"language, listening, talk, good, different"
1599,"language, right, time, want, things"
1600,"want, time, think, things, talk"
1601,"really, want, think, time, things"
1602,"want, time, think, things, talk"
1603,"things, want, time, think, talk"
1604,"listening, want, think, time, things"
1605,"like, talk, different, really, listening"
1606,"really, want, think, time, things"
1607,"listening, time, people, want, things"
1608,"listening, talk, time, know, want"
1609,"say, like, really, just, things"
1610,"lot, really, want, time, things"
1611,"just, different, time, want, things"
1612,"talk, going, know, lot, things"
1613,"going, different, people, want, things"
1614,"say, lot, just, like, want"
1615,"want, time, think, things, talk"
1616,"really, want, think, time, things"
1617,"just, time, like, things, want"
1618,"say, going, talk, know, people"
1619,"like, lot, things, want, think"
1620,"know, different, things, want, lot"
1621,"know, really, don, like, things"
1622,"don, want, think, time, things"
1623,"just, know, want, time, things"
1624,"want, like, say, things, really"
1625,"just, want, think, time, things"
1626,"really, want, think, time, things"
1627,"good, right, think, like, things"
1628,"good, don, want, like, talk"
1629,"know, like, things, lot, really"
1630,"listening, time, want, talk, english"
1631,"time, listening, talk, know, things"
1632,"just, talk, lot, think, different"
1633,"listening, time, going, think, things"
1634,"english, want, don, just, people"
1635,"say, things, lot, know, don"
1636,"say, want, listening, lot, don"
1637,"right, say, want, like, things"
1638,"say, things, listening, talk, right"
1639,"right, want, think, time, things"
1640,"listening, want, just, time, things"
1641,"say, just, listening, want, time"
1642,"good, right, want, time, things"
1643,"say, want, things, just, think"
1644,"time, know, different, don, just"
1645,"listening, different, say, know, things"
1646,"don, like, people, want, things"
1647,"like, time, really, people, just"
1648,"english, like, different, say, things"
1649,"listening, want, time, know, lot"
1650,"want, time, think, things, talk"
1651,"really, think, don, like, things"
1652,"don, think, time, want, things"
1653,"english, different, know, don, lot"
1654,"language, don, listening, english, people"
1655,"english, different, say, really, listening"
1656,"different, listening, things, want, like"
1657,"listening, like, right, things, time"
1658,"language, good, say, just, like"
1659,"don, want, think, time, things"
1660,"time, people, think, want, things"
1661,"listening, want, time, just, things"
1662,"time, listening, going, know, things"
1663,"language, want, don, right, going"
1664,"language, time, don, just, people"
1665,"listening, english, talk, lot, time"
1666,"language, want, think, time, things"
1667,"want, time, think, things, talk"
1668,"just, language, listening, different, time"
1669,"want, time, think, things, talk"
1670,"language, english, lot, time, things"
1671,"want, time, think, things, talk"
1672,"listening, time, think, like, things"
1673,"going, want, think, time, things"
1674,"want, don, listening, english, different"
1675,"know, like, want, time, things"
1676,"english, want, think, time, things"
1677,"want, time, listening, don, going"
1678,"right, want, think, time, things"
1679,"want, really, don, just, people"
1680,"right, time, people, think, listening"
1681,"like, talk, want, really, english"
1682,"things, want, time, think, talk"
1683,"really, like, want, time, things"
1684,"good, really, just, want, things"
1685,"going, know, really, want, things"
1686,"know, things, time, don, think"
1687,"talk, right, good, going, know"
1688,"just, like, don, right, know"
1689,"english, time, say, want, really"
1690,"lot, people, like, want, things"
1691,"want, time, think, things, talk"
1692,"want, time, think, things, talk"
1693,"think, say, want, time, things"
1694,"want, time, think, things, talk"
1695,"just, want, think, time, things"
1696,"right, going, time, want, things"
1697,"right, want, people, time, things"
1698,"talk, like, want, time, things"
1699,"time, don, know, listening, just"
1700,"really, want, think, time, things"
1701,"going, time, listening, talk, know"
1702,"things, people, going, don, like"
1703,"listening, time, going, language, don"
1704,"language, want, things, just, talk"
1705,"want, time, think, things, talk"
1706,"language, people, english, want, listening"
1707,"want, time, think, things, talk"
1708,"language, english, like, want, things"
1709,"want, time, think, things, talk"
1710,"just, people, want, time, things"
1711,"just, want, think, time, things"
1712,"say, know, things, lot, think"
1713,"language, listening, talk, things, want"
1714,"language, think, time, want, things"
1715,"going, just, language, time, people"
1716,"want, listening, time, people, things"
1717,"want, time, think, things, talk"
1718,"going, language, english, say, just"
1719,"want, don, think, time, things"
1720,"want, time, think, things, talk"
1721,"time, really, think, want, things"
1722,"know, lot, want, time, things"
1723,"going, just, want, time, things"
1724,"language, different, things, want, time"
1725,"going, really, want, time, things"
1726,"think, good, language, say, lot"
1727,"language, different, going, things, want"
1728,"time, want, think, things, talk"
1729,"want, really, like, time, things"
1730,"different, english, lot, want, things"
1731,"want, time, think, things, talk"
1732,"want, time, think, things, talk"
1733,"think, going, don, want, things"
1734,"want, time, think, things, talk"
1735,"people, think, good, time, things"
1736,"just, want, think, time, things"
1737,"want, time, think, things, talk"
1738,"want, really, lot, like, language"
1739,"want, time, think, things, talk"
1740,"know, language, english, good, time"
1741,"want, time, think, things, talk"
1742,"lot, really, like, want, things"
1743,"people, things, just, listening, good"
1744,"things, want, time, people, different"
1745,"listening, talk, time, think, things"
1746,"want, time, think, things, talk"
1747,"listening, want, think, time, things"
1748,"like, want, think, time, things"
1749,"going, want, think, time, things"
1750,"say, want, think, time, things"
1751,"listening, language, english, time, say"
1752,"talk, going, really, want, things"
1753,"want, time, think, things, talk"
1754,"want, time, think, things, talk"
1755,"think, want, time, things, talk"
1756,"lot, say, know, talk, things"
1757,"think, want, time, things, talk"
1758,"people, like, different, don, just"
1759,"right, want, think, time, things"
1760,"different, things, time, want, think"
1761,"right, want, think, time, things"
1762,"don, people, just, like, things"
1763,"really, want, think, time, things"
1764,"talk, good, lot, people, things"
1765,"different, going, just, want, things"
1766,"different, right, think, want, things"
1767,"want, time, think, things, talk"
1768,"really, like, want, time, things"
1769,"different, time, think, like, things"
1770,"different, know, lot, really, things"
1771,"want, time, think, things, talk"
1772,"listening, time, want, think, things"
1773,"lot, time, just, like, things"
1774,"good, different, really, know, going"
1775,"different, time, think, want, things"
1776,"english, want, think, time, things"
1777,"want, time, think, things, talk"
1778,"just, different, say, know, don"
1779,"right, things, lot, want, think"
1780,"know, don, want, time, things"
1781,"people, talk, different, say, just"
1782,"just, right, different, say, people"
1783,"want, time, think, things, talk"
1784,"time, people, listening, english, know"
1785,"lot, people, want, time, things"
1786,"say, think, time, want, things"
1787,"know, don, want, time, things"
1788,"lot, want, think, time, things"
1789,"listening, people, talk, english, different"
1790,"know, want, think, time, things"
1791,"listening, talk, just, think, things"
1792,"want, time, think, things, talk"
1793,"people, think, say, know, don"
1794,"listening, time, don, really, just"
1795,"good, say, lot, really, things"
1796,"want, time, think, things, talk"
1797,"good, like, say, really, things"
1798,"lot, time, really, just, going"
1799,"want, english, going, lot, really"
1800,"listening, different, time, english, things"
1801,"good, things, people, want, think"
1802,"good, want, don, just, things"
1803,"talk, right, english, say, lot"
1804,"want, time, think, things, talk"
1805,"think, want, time, things, talk"
1806,"like, think, know, just, lot"
1807,"time, want, think, things, talk"
1808,"don, think, talk, want, things"
1809,"just, different, like, talk, good"
1810,"want, time, really, just, people"
1811,"really, different, time, just, lot"
1812,"like, really, going, good, say"
1813,"want, time, think, things, talk"
1814,"want, time, think, things, talk"
1815,"like, want, think, time, things"
1816,"want, time, think, things, talk"
1817,"like, really, say, going, don"
1818,"like, things, really, want, think"
1819,"right, different, really, don, like"
1820,"know, listening, talk, english, time"
1821,"like, good, english, things, want"
1822,"know, want, think, time, things"
1823,"think, want, time, things, talk"
1824,"listening, time, don, people, english"
1825,"time, don, think, want, things"
1826,"don, people, talk, different, say"
1827,"things, want, time, think, talk"
1828,"just, say, time, people, things"
1829,"time, right, want, people, like"
1830,"know, want, think, time, things"
1831,"want, time, think, things, talk"
1832,"people, don, just, think, right"
1833,"time, think, want, things, talk"
1834,"time, don, talk, listening, right"
1835,"things, lot, time, want, think"
1836,"listening, want, think, time, things"
1837,"time, things, like, really, just"
1838,"good, time, really, want, things"
1839,"time, language, think, like, things"
1840,"time, good, want, lot, don"
1841,"want, time, think, things, talk"
1842,"want, time, think, things, talk"
1843,"good, want, think, time, things"
1844,"don, know, just, think, say"
1845,"want, time, know, don, listening"
1846,"time, good, things, really, like"
1847,"lot, time, really, think, like"
1848,"things, time, think, right, don"
1849,"different, time, think, want, things"
1850,"lot, good, things, time, think"
1851,"listening, english, time, good, know"
1852,"want, time, think, things, talk"
1853,"time, talk, listening, different, people"
1854,"people, really, want, time, things"
1855,"want, time, think, things, talk"
1856,"know, don, want, time, things"
1857,"want, time, think, things, talk"
1858,"just, say, different, people, think"
1859,"right, want, think, time, things"
1860,"right, say, just, want, things"
1861,"people, like, want, time, things"
1862,"right, want, think, time, things"
1863,"say, just, like, want, things"
1864,"right, want, think, time, things"
1865,"say, right, things, just, like"
1866,"want, time, think, things, talk"
1867,"say, want, think, time, things"
1868,"want, time, think, things, talk"
1869,"people, right, don, different, say"
1870,"different, think, time, want, things"
1871,"say, people, right, don, really"
1872,"lot, talk, know, really, don"
1873,"say, really, people, right, different"
1874,"different, people, things, just, think"
1875,"say, just, really, don, things"
1876,"time, want, think, things, talk"
1877,"say, really, just, people, think"
1878,"english, want, think, time, things"
1879,"want, time, think, things, talk"
1880,"say, just, right, like, people"
1881,"want, time, think, things, talk"
1882,"right, people, different, say, like"
1883,"want, time, think, things, talk"
1884,"english, listening, talk, different, want"
1885,"want, time, think, things, talk"
1886,"different, things, time, want, think"
1887,"people, want, just, like, right"
1888,"think, really, different, don, talk"
1889,"listening, want, think, time, things"
1890,"listening, different, want, time, people"
1891,"want, time, think, things, talk"
1892,"people, know, time, listening, talk"
1893,"don, want, think, time, things"
1894,"english, listening, time, like, different"
1895,"just, want, think, time, things"
1896,"don, just, want, time, things"
1897,"english, different, language, lot, talk"
1898,"don, want, think, time, things"
1899,"lot, really, don, think, like"
1900,"english, different, want, talk, really"
1901,"english, say, want, time, things"
1902,"don, think, people, just, english"
1903,"want, time, think, things, talk"
1904,"don, english, say, know, want"
1905,"english, want, think, time, things"
1906,"things, want, time, think, talk"
1907,"talk, say, things, lot, people"
1908,"right, going, time, want, things"
1909,"think, things, really, like, want"
1910,"different, english, language, talk, know"
1911,"think, want, time, things, talk"
1912,"english, language, just, want, things"
1913,"don, want, think, time, things"
1914,"english, listening, want, know, time"
1915,"english, listening, time, talk, good"
1916,"english, really, like, want, things"
1917,"say, english, right, time, language"
1918,"lot, don, want, time, things"
1919,"time, really, say, want, things"
1920,"time, want, think, things, talk"
1921,"want, time, think, things, talk"
1922,"want, time, think, things, talk"
1923,"language, english, time, right, don"
1924,"want, time, think, things, talk"
1925,"english, lot, want, time, things"
1926,"language, time, don, like, things"
1927,"right, want, think, time, things"
1928,"say, english, don, language, right"
1929,"want, time, think, things, talk"
1930,"english, language, different, things, like"
1931,"things, english, really, want, think"
1932,"english, listening, just, want, things"
1933,"things, want, time, think, talk"
1934,"language, listening, say, know, time"
1935,"listening, english, language, talk, want"
1936,"want, time, think, things, talk"
1937,"want, time, think, things, talk"
1938,"things, want, time, think, talk"
1939,"want, time, think, things, talk"
1940,"listening, want, think, time, things"
1941,"want, time, think, things, talk"
1942,"things, english, say, listening, different"
1943,"things, good, say, want, lot"
1944,"things, want, people, time, think"
1945,"say, english, just, want, things"
1946,"say, want, right, time, things"
1947,"want, time, think, things, talk"
1948,"say, don, want, time, things"
1949,"just, say, don, like, things"
1950,"like, want, think, time, things"
1951,"just, say, want, time, things"
1952,"say, just, want, time, things"
1953,"english, language, different, things, don"
1954,"want, time, think, things, talk"
1955,"language, right, different, really, don"
1956,"want, time, think, things, talk"
1957,"want, time, think, things, talk"
1958,"listening, time, don, want, things"
1959,"think, want, time, things, talk"
1960,"right, want, think, time, things"
1961,"time, going, think, want, things"
1962,"say, want, think, time, things"
1963,"want, time, think, things, talk"
1964,"lot, want, think, time, things"
1965,"talk, want, think, time, things"
1966,"want, listening, good, english, just"
1967,"listening, time, english, know, want"
1968,"really, want, think, time, things"
1969,"english, really, talk, don, think"
1970,"don, think, like, want, things"
1971,"time, really, don, people, different"
1972,"like, good, different, going, time"
1973,"time, just, going, know, really"
1974,"want, time, think, things, talk"
1975,"want, things, don, just, people"
1976,"know, different, lot, don, think"
1977,"people, right, know, want, lot"
1978,"lot, people, going, things, time"
1979,"want, time, think, things, talk"
1980,"know, want, think, time, things"
1981,"want, time, think, things, talk"
1982,"good, things, time, want, think"
1983,"want, time, think, things, talk"
1984,"lot, want, think, time, things"
1985,"people, good, different, like, going"
1986,"want, time, think, things, talk"
1987,"want, time, think, things, talk"
1988,"want, just, time, really, like"
1989,"like, people, want, time, things"
1990,"really, like, different, language, things"
1991,"like, really, don, want, things"
1992,"lot, talk, different, really, people"
1993,"really, like, good, don, know"
1994,"like, think, going, good, different"
1995,"know, don, want, time, things"
1996,"don, want, time, think, like"
1997,"want, time, think, things, talk"
1998,"just, like, want, time, things"
1999,"want, time, think, things, talk"
2000,"like, different, say, think, things"
2001,"want, time, think, things, talk"
2002,"people, think, good, know, time"
2003,"want, time, think, things, talk"
2004,"think, want, time, things, talk"
2005,"think, lot, going, like, know"
2006,"like, different, things, think, want"
2007,"talk, going, think, want, things"
2008,"like, want, think, time, things"
2009,"don, think, time, want, things"
2010,"think, want, time, things, talk"
2011,"think, don, time, want, things"
2012,"want, time, think, things, talk"
2013,"want, time, think, things, talk"
2014,"people, time, different, lot, things"
2015,"lot, people, just, want, things"
2016,"people, going, talk, say, lot"
2017,"good, really, want, time, things"
2018,"think, talk, really, don, things"
2019,"think, really, don, like, know"
2020,"want, time, think, things, talk"
2021,"lot, good, english, want, time"
2022,"want, time, think, things, talk"
2023,"good, say, think, want, things"
2024,"want, time, think, things, talk"
2025,"time, really, different, say, know"
2026,"like, want, think, time, things"
2027,"english, really, listening, different, language"
2028,"want, time, think, things, talk"
2029,"english, lot, don, want, things"
2030,"english, language, different, want, talk"
2031,"english, lot, time, just, people"
2032,"different, people, like, want, things"
2033,"want, time, think, things, talk"
2034,"say, people, english, like, just"
2035,"language, like, know, really, things"
2036,"right, people, want, time, things"
2037,"know, say, different, don, right"
2038,"want, time, think, things, talk"
2039,"people, right, think, want, things"
2040,"right, want, think, time, things"
2041,"talk, right, like, want, things"
2042,"want, time, english, different, just"
2043,"right, want, think, time, things"
2044,"want, time, think, things, talk"
2045,"like, really, just, different, think"
2046,"say, right, time, really, people"
2047,"like, want, think, time, things"
2048,"right, want, think, time, things"
2049,"say, want, think, time, things"
2050,"really, like, want, time, things"
2051,"just, like, lot, time, really"
2052,"different, english, know, don, things"
2053,"different, listening, talk, time, english"
2054,"listening, right, talk, want, time"
2055,"listening, talk, english, different, things"
2056,"english, talk, say, time, like"
2057,"want, time, think, things, talk"
2058,"want, time, think, things, talk"
2059,"want, time, think, things, talk"
2060,"want, time, think, things, talk"
2061,"want, time, think, things, talk"
2062,"want, time, think, things, talk"
2063,"going, want, think, time, things"
2064,"want, time, think, things, talk"
2065,"want, time, think, things, talk"
2066,"don, want, think, time, things"
2067,"want, time, think, things, talk"
2068,"like, want, think, time, things"
2069,"listening, english, say, know, time"
2070,"want, talk, english, different, things"
2071,"good, english, really, don, like"
2072,"think, want, time, things, talk"
2073,"just, english, don, people, things"
2074,"english, want, just, people, like"
2075,"want, time, think, things, talk"
2076,"different, like, good, english, don"
2077,"just, think, time, want, things"
2078,"talk, good, like, want, things"
2079,"just, want, think, time, things"
2080,"like, good, different, lot, think"
2081,"good, right, english, different, lot"
2082,"like, english, really, just, things"
2083,"want, don, think, time, things"
2084,"want, time, think, things, talk"
2085,"want, listening, really, just, things"
2086,"like, want, just, talk, right"
2087,"language, english, really, think, talk"
2088,"think, language, just, really, good"
2089,"right, want, think, time, things"
2090,"really, don, want, time, things"
2091,"want, time, think, things, talk"
2092,"really, things, think, time, want"
2093,"really, want, think, time, things"
2094,"good, english, want, time, things"
2095,"really, want, think, time, things"
2096,"talk, just, like, language, right"
2097,"english, want, think, time, things"
2098,"listening, english, want, really, think"
2099,"think, talk, want, just, good"
2100,"just, talk, say, going, think"
2101,"say, language, just, things, time"
2102,"like, things, time, want, think"
2103,"don, just, want, time, things"
2104,"really, like, want, time, things"
2105,"want, time, think, things, talk"
2106,"different, lot, people, want, things"
2107,"say, right, things, want, think"
2108,"want, time, think, things, talk"
2109,"things, just, don, say, going"
2110,"just, english, things, lot, like"
2111,"listening, really, just, people, things"
2112,"time, listening, talk, english, know"
2113,"don, want, really, people, different"
2114,"don, like, good, english, want"
2115,"like, talk, good, english, lot"
2116,"want, time, think, things, talk"
2117,"time, going, know, like, things"
2118,"people, lot, don, like, things"
2119,"want, time, think, things, talk"
2120,"want, time, think, things, talk"
2121,"think, want, time, things, talk"
2122,"know, want, think, time, things"
2123,"people, say, really, want, things"
2124,"want, time, think, things, talk"
2125,"say, lot, people, like, things"
2126,"time, people, think, want, things"
2127,"lot, just, people, want, things"
2128,"think, like, english, say, going"
2129,"think, don, just, like, things"
2130,"like, lot, just, want, things"
2131,"right, like, want, time, things"
2132,"think, good, people, like, things"
2133,"think, lot, don, people, things"
2134,"want, time, think, things, talk"
2135,"people, think, know, want, lot"
2136,"want, time, think, things, talk"
2137,"think, want, time, things, talk"
2138,"good, think, lot, people, things"
2139,"going, just, think, want, things"
2140,"think, good, don, right, things"
2141,"really, think, time, want, things"
2142,"don, think, know, lot, just"
2143,"think, lot, time, people, things"
2144,"good, know, things, want, think"
2145,"want, time, think, things, talk"
2146,"lot, people, know, just, think"
2147,"good, really, want, time, things"
2148,"want, time, think, things, talk"
2149,"want, time, think, things, talk"
2150,"time, think, like, don, people"
2151,"just, want, think, time, things"
2152,"want, time, think, things, talk"
2153,"want, time, think, things, talk"
2154,"people, want, think, time, things"
2155,"like, good, don, people, english"
2156,"want, time, think, things, talk"
2157,"people, going, just, like, good"
2158,"going, want, think, time, things"
2159,"want, time, think, things, talk"
2160,"want, time, think, things, talk"
2161,"different, people, want, time, things"
2162,"like, different, things, lot, time"
2163,"like, things, people, good, know"
2164,"really, don, things, want, just"
2165,"like, people, good, things, lot"
2166,"going, don, like, talk, say"
2167,"going, want, think, time, things"
2168,"lot, think, like, listening, good"
2169,"going, say, think, want, things"
2170,"want, time, think, things, talk"
2171,"listening, time, say, going, things"
2172,"want, time, think, things, talk"
2173,"really, want, think, time, things"
2174,"don, time, things, want, just"
2175,"don, just, want, time, things"
2176,"want, time, think, things, talk"
2177,"lot, know, people, think, things"
2178,"say, want, lot, don, just"
2179,"talk, going, say, people, think"
2180,"think, want, time, things, talk"
2181,"people, different, things, lot, like"
2182,"want, time, think, things, talk"
2183,"think, want, time, things, talk"
2184,"time, really, think, good, know"
2185,"going, really, don, just, people"
2186,"think, want, time, things, talk"
2187,"people, know, think, like, going"
2188,"good, time, think, want, things"
2189,"say, don, people, want, things"
2190,"good, want, time, don, like"
2191,"want, time, think, things, talk"
2192,"think, want, don, say, time"
2193,"people, talk, going, want, things"
2194,"people, think, going, know, really"
2195,"listening, talk, going, want, things"
2196,"like, good, think, english, know"
2197,"think, don, going, really, people"
2198,"good, want, think, say, going"
2199,"things, think, know, lot, time"
2200,"english, listening, know, people, like"
2201,"people, talk, english, different, going"
2202,"want, time, think, things, talk"
2203,"people, want, think, time, things"
2204,"people, like, want, time, things"
2205,"want, time, think, things, talk"
2206,"want, time, think, things, talk"
2207,"people, different, want, time, things"
2208,"people, want, think, time, things"
2209,"going, want, think, time, things"
2210,"want, time, think, things, talk"
2211,"like, want, think, time, things"
2212,"want, time, think, things, talk"
2213,"want, time, think, things, talk"
2214,"like, want, think, time, things"
2215,"talk, good, english, going, people"
2216,"want, time, think, things, talk"
2217,"say, lot, think, want, things"
2218,"good, want, think, time, things"
2219,"don, want, think, time, things"
2220,"want, time, think, things, talk"
2221,"time, want, think, things, talk"
2222,"time, talk, different, want, don"
2223,"want, time, think, things, talk"
2224,"want, time, think, things, talk"
2225,"want, time, think, things, talk"
2226,"like, want, think, time, things"
2227,"want, time, think, things, talk"
2228,"time, talk, know, like, things"
2229,"just, things, lot, want, think"
2230,"good, different, time, really, just"
2231,"going, want, think, time, things"
2232,"going, want, think, time, things"
2233,"want, time, think, things, talk"
2234,"going, want, think, time, things"
2235,"want, time, think, things, talk"
2236,"want, time, think, things, talk"
2237,"want, time, think, things, talk"
2238,"just, want, think, time, things"
2239,"want, time, think, things, talk"
2240,"going, want, think, time, things"
2241,"people, want, think, time, things"
2242,"want, right, think, time, things"
2243,"want, time, think, things, talk"
2244,"want, time, think, things, talk"
2245,"want, time, think, things, talk"
2246,"lot, want, think, time, things"
2247,"know, don, want, time, things"
2248,"good, going, people, want, things"
2249,"want, time, think, things, talk"
2250,"people, really, good, lot, time"
2251,"want, time, think, things, talk"
2252,"want, time, think, things, talk"
2253,"lot, time, don, want, things"
2254,"know, time, just, like, things"
2255,"things, really, don, want, think"
2256,"want, time, think, things, talk"
2257,"good, right, want, lot, time"
2258,"things, don, just, good, going"
2259,"things, like, time, want, think"
2260,"want, time, think, things, talk"
2261,"lot, want, think, time, things"
2262,"lot, people, time, really, don"
2263,"want, time, think, things, talk"
2264,"say, right, really, people, things"
2265,"say, going, don, talk, good"
2266,"say, want, going, english, know"
2267,"say, want, think, time, things"
2268,"say, want, going, time, like"
2269,"say, don, think, good, know"
2270,"want, time, think, things, talk"
2271,"say, want, think, time, things"
2272,"talk, say, want, time, things"
2273,"want, time, think, things, talk"
2274,"talk, right, want, time, things"
2275,"say, english, people, want, lot"
2276,"good, want, think, time, things"
2277,"language, english, going, people, good"
2278,"don, think, time, want, things"
2279,"good, language, don, want, lot"
2280,"good, going, think, want, things"
2281,"english, like, language, good, think"
2282,"want, time, think, things, talk"
2283,"want, time, think, things, talk"
2284,"english, language, like, listening, talk"
2285,"language, english, different, things, time"
2286,"language, listening, lot, just, things"
2287,"lot, language, just, really, different"
2288,"know, lot, want, time, things"
2289,"want, time, think, things, talk"
2290,"listening, different, just, want, things"
2291,"want, time, think, things, talk"
2292,"time, english, listening, different, don"
2293,"right, want, think, time, things"
2294,"time, think, good, different, really"
2295,"want, time, think, things, talk"
2296,"listening, different, talk, lot, really"
2297,"really, just, like, different, know"
2298,"want, time, think, things, talk"
2299,"language, know, want, time, really"
2300,"just, like, language, want, time"
2301,"want, time, think, things, talk"
2302,"going, just, language, listening, lot"
2303,"want, time, think, things, talk"
2304,"really, talk, good, think, like"
2305,"want, just, people, time, things"
2306,"language, want, think, time, things"
2307,"lot, right, think, want, things"
2308,"talk, language, listening, lot, really"
2309,"listening, things, think, time, want"
2310,"lot, say, things, want, really"
2311,"right, want, language, time, don"
2312,"say, things, time, want, think"
2313,"lot, listening, good, english, say"
2314,"don, just, want, time, things"
2315,"lot, language, listening, talk, time"
2316,"time, just, like, want, things"
2317,"say, going, time, like, things"
2318,"going, don, just, like, things"
2319,"right, want, think, time, things"
2320,"time, language, want, don, like"
2321,"language, right, want, time, things"
2322,"really, want, good, don, like"
2323,"language, know, time, really, things"
2324,"just, people, want, time, things"
2325,"english, know, want, time, things"
2326,"going, know, want, really, think"
2327,"listening, lot, don, want, things"
2328,"language, listening, right, english, want"
2329,"just, want, think, time, things"
2330,"time, listening, language, talk, just"
2331,"language, just, want, time, things"
2332,"language, english, people, want, things"
2333,"like, want, think, time, things"
2334,"language, english, know, lot, things"
2335,"say, time, people, want, things"
2336,"want, time, think, things, talk"
2337,"people, like, say, going, things"
2338,"want, time, think, things, talk"
2339,"say, going, lot, people, things"
2340,"lot, people, think, want, things"
2341,"think, good, like, want, things"
2342,"people, lot, don, say, time"
2343,"different, know, people, like, things"
2344,"want, time, think, things, talk"
2345,"right, people, want, time, things"
2346,"time, want, think, things, talk"
2347,"people, listening, time, want, things"
2348,"people, know, lot, time, things"
2349,"going, good, english, people, things"
2350,"want, time, think, things, talk"
2351,"time, people, good, lot, think"
2352,"time, really, don, just, think"
2353,"time, think, lot, good, different"
2354,"time, think, like, want, things"
2355,"good, don, think, want, things"
2356,"want, time, think, things, talk"
2357,"don, think, time, want, things"
2358,"want, time, think, things, talk"
2359,"people, think, like, say, want"
2360,"people, good, going, lot, think"
2361,"good, want, think, time, things"
2362,"good, think, like, things, lot"
2363,"good, think, time, want, things"
2364,"like, talk, things, lot, time"
2365,"like, want, think, time, things"
2366,"like, talk, things, want, think"
2367,"want, time, think, things, talk"
2368,"lot, want, think, time, things"
2369,"things, want, time, think, talk"
2370,"going, time, like, think, english"
2371,"just, want, think, time, things"
2372,"want, time, think, things, talk"
2373,"english, different, going, just, things"
2374,"want, time, think, things, talk"
2375,"like, good, going, things, people"
2376,"listening, things, really, don, think"
2377,"want, time, think, things, talk"
2378,"want, time, think, things, talk"
2379,"want, time, think, things, talk"
2380,"like, say, just, people, things"
2381,"lot, want, think, time, things"
2382,"time, just, know, lot, don"
2383,"things, want, time, think, talk"
2384,"english, going, want, time, things"
2385,"people, think, like, know, things"
2386,"think, want, time, things, talk"
2387,"think, want, time, things, talk"
2388,"like, want, think, time, things"
2389,"right, going, want, time, things"
2390,"think, really, people, different, don"
2391,"know, really, don, think, things"
2392,"going, good, english, talk, say"
2393,"people, like, want, time, things"
2394,"just, say, really, want, things"
2395,"want, time, think, things, talk"
2396,"want, time, think, things, talk"
2397,"know, really, think, say, lot"
2398,"say, don, people, want, things"
2399,"say, lot, people, want, things"
2400,"don, say, want, talk, going"
2401,"talk, going, know, lot, things"
2402,"going, like, just, talk, know"
2403,"people, like, want, time, things"
2404,"think, lot, time, want, things"
2405,"know, like, want, time, things"
2406,"like, good, going, people, think"
2407,"going, say, don, want, things"
2408,"don, say, going, know, lot"
2409,"just, people, good, different, time"
2410,"say, want, think, time, things"
2411,"just, really, think, like, things"
2412,"want, time, think, things, talk"
2413,"like, want, think, time, things"
2414,"don, think, know, lot, just"
2415,"english, language, time, know, things"
2416,"want, don, think, time, things"
2417,"know, people, want, time, things"
2418,"want, time, think, things, talk"
2419,"really, just, think, right, say"
2420,"want, time, think, things, talk"
2421,"want, time, think, things, talk"
2422,"language, don, people, want, things"
2423,"like, want, think, time, things"
2424,"want, time, think, things, talk"
2425,"things, right, english, different, people"
2426,"going, really, talk, right, things"
2427,"right, want, think, time, things"
2428,"like, say, really, people, think"
2429,"talk, know, don, right, things"
2430,"want, time, think, things, talk"
2431,"different, going, just, like, things"
2432,"know, listening, right, really, think"
2433,"listening, say, people, think, language"
2434,"listening, talk, really, just, things"
2435,"like, english, things, lot, just"
2436,"say, want, think, time, things"
2437,"just, right, like, english, know"
2438,"want, time, think, things, talk"
2439,"listening, know, want, time, things"
2440,"think, say, want, lot, like"
2441,"like, right, say, time, just"
2442,"listening, think, time, want, things"
2443,"listening, good, going, want, time"
2444,"language, listening, want, time, things"
2445,"right, want, think, time, things"
2446,"language, listening, english, time, really"
2447,"just, listening, really, think, don"
2448,"english, lot, want, time, things"
2449,"language, don, think, like, listening"
2450,"right, people, english, things, really"
2451,"want, time, think, things, talk"
2452,"talk, good, right, english, going"
2453,"people, don, think, language, talk"
2454,"want, time, think, things, talk"
2455,"want, time, think, things, talk"
2456,"right, want, think, time, things"
2457,"english, going, lot, just, listening"
2458,"good, want, think, time, things"
2459,"language, think, good, say, going"
2460,"language, know, want, people, right"
2461,"want, time, think, things, talk"
2462,"going, want, think, time, things"
2463,"english, just, want, time, things"
2464,"good, don, going, want, lot"
2465,"like, time, really, don, think"
2466,"think, different, time, want, things"
2467,"think, want, time, things, talk"
2468,"good, want, think, time, things"
2469,"like, want, really, think, things"
2470,"want, time, think, things, talk"
2471,"think, really, just, want, things"
2472,"like, want, think, time, things"
2473,"different, going, time, really, just"
2474,"time, just, people, like, things"
2475,"want, time, think, things, talk"
2476,"like, don, think, say, going"
2477,"like, want, think, time, things"
2478,"don, like, really, think, things"
2479,"want, time, think, things, talk"
2480,"going, english, think, want, things"
2481,"want, time, think, things, talk"
2482,"good, know, think, want, things"
2483,"lot, going, want, time, things"
2484,"think, want, time, things, talk"
2485,"time, think, want, things, talk"
2486,"time, really, don, going, know"
2487,"think, say, time, going, want"
2488,"english, want, think, time, things"
2489,"going, think, time, want, things"
2490,"think, want, time, things, talk"
2491,"think, time, really, don, like"
2492,"time, want, think, things, talk"
2493,"want, think, time, things, talk"
2494,"think, good, want, just, like"
2495,"think, know, lot, really, don"
2496,"going, lot, think, like, english"
2497,"like, think, going, lot, know"
2498,"like, english, different, lot, things"
2499,"want, time, think, things, talk"
2500,"different, people, want, time, things"
2501,"good, lot, don, people, things"
2502,"time, going, like, lot, don"
2503,"know, lot, people, want, things"
2504,"going, really, people, like, things"
2505,"like, don, people, know, going"
2506,"say, want, don, people, things"
2507,"lot, like, want, time, things"
2508,"like, time, people, talk, going"
2509,"want, time, think, things, talk"
2510,"people, things, lot, want, think"
2511,"like, time, really, people, think"
2512,"want, time, think, things, talk"
2513,"want, time, think, things, talk"
2514,"like, don, going, want, lot"
2515,"think, people, know, lot, don"
2516,"really, like, want, time, things"
2517,"want, time, think, things, talk"
2518,"lot, time, people, like, things"
2519,"lot, time, don, different, people"
2520,"people, english, like, know, lot"
2521,"don, like, people, want, things"
2522,"want, time, think, things, talk"
2523,"want, time, think, things, talk"
2524,"english, people, time, think, things"
2525,"know, want, think, time, things"
2526,"people, time, like, want, things"
2527,"like, good, people, know, things"
2528,"like, people, different, lot, just"
2529,"things, just, time, want, think"
2530,"don, people, think, like, things"
2531,"like, want, time, don, people"
2532,"want, time, think, things, talk"
2533,"really, don, just, want, things"
2534,"like, listening, really, don, just"
2535,"don, good, like, time, really"
2536,"want, time, think, things, talk"
2537,"want, time, think, things, talk"
2538,"english, think, like, language, listening"
2539,"language, english, things, know, time"
2540,"people, language, english, different, say"
2541,"don, want, think, time, things"
2542,"listening, english, like, don, just"
2543,"listening, time, english, say, know"
2544,"know, want, think, time, things"
2545,"english, language, don, know, say"
2546,"english, going, want, time, things"
2547,"don, say, things, people, think"
2548,"want, time, think, things, talk"
2549,"people, think, english, don, right"
2550,"want, time, think, things, talk"
2551,"english, say, know, want, don"
2552,"say, language, right, english, things"
2553,"say, know, like, want, things"
2554,"like, say, english, just, people"
2555,"good, time, really, think, like"
2556,"right, really, like, want, things"
2557,"like, say, things, english, know"
2558,"want, time, think, things, talk"
2559,"want, time, think, things, talk"
2560,"want, time, think, things, talk"
2561,"language, don, english, just, good"
2562,"just, good, english, know, really"
2563,"talk, say, just, want, things"
2564,"different, want, really, listening, know"
2565,"good, different, just, want, things"
2566,"just, want, think, time, things"
2567,"right, don, just, different, say"
2568,"like, listening, english, don, just"
2569,"want, time, think, things, talk"
2570,"right, know, don, people, things"
2571,"know, just, talk, good, english"
2572,"things, just, time, want, think"
2573,"listening, time, talk, english, want"
2574,"lot, want, think, time, things"
2575,"time, listening, know, want, things"
2576,"english, people, language, talk, different"
2577,"english, like, talk, know, want"
2578,"good, english, want, think, things"
2579,"people, going, lot, want, really"
2580,"going, lot, people, like, things"
2581,"lot, don, want, time, things"
2582,"want, time, think, things, talk"
2583,"like, want, think, time, things"
2584,"want, time, think, things, talk"
2585,"want, time, think, things, talk"
2586,"say, know, really, don, people"
2587,"want, time, think, things, talk"
2588,"going, people, want, time, things"
2589,"listening, english, time, going, things"
2590,"talk, english, going, know, want"
2591,"want, time, think, things, talk"
2592,"say, don, just, people, things"
2593,"want, time, think, things, talk"
2594,"things, want, time, think, talk"
2595,"just, want, think, time, things"
2596,"english, want, think, time, things"
2597,"right, really, want, time, things"
2598,"say, going, lot, don, just"
2599,"talk, english, different, say, know"
2600,"really, say, time, don, just"
2601,"don, just, think, time, really"
2602,"think, want, time, things, talk"
2603,"listening, say, things, language, right"
2604,"time, listening, english, know, just"
2605,"english, say, talk, going, know"
2606,"going, think, like, want, things"
2607,"things, like, right, different, say"
2608,"lot, english, different, talk, just"
2609,"want, time, think, things, talk"
2610,"know, don, lot, time, like"
2611,"like, good, things, just, think"
2612,"know, just, listening, say, things"
2613,"english, listening, people, talk, time"
2614,"language, different, want, time, things"
2615,"right, want, think, time, things"
2616,"people, english, different, want, things"
2617,"want, time, think, things, talk"
2618,"going, time, think, want, things"
2619,"time, want, think, things, talk"
2620,"time, want, think, things, talk"
2621,"want, time, think, things, talk"
2622,"talk, want, think, time, things"
2623,"time, want, think, things, talk"
2624,"want, time, think, things, talk"
2625,"want, time, think, things, talk"
2626,"want, time, think, things, talk"
2627,"want, time, think, things, talk"
2628,"things, want, time, think, talk"
2629,"want, time, think, things, talk"
2630,"time, like, think, want, things"
2631,"really, want, think, time, things"
2632,"want, time, think, things, talk"
2633,"going, people, want, time, things"
2634,"want, time, think, things, talk"
2635,"time, like, think, want, things"
2636,"time, going, know, want, things"
2637,"want, time, think, things, talk"
2638,"don, going, want, talk, english"
2639,"going, like, time, don, want"
2640,"want, time, think, things, talk"
2641,"going, like, want, time, things"
2642,"like, want, think, time, things"
2643,"like, lot, time, people, different"
2644,"going, time, like, talk, good"
2645,"like, want, think, time, things"
2646,"want, time, think, things, talk"
2647,"time, don, like, going, lot"
2648,"different, going, don, think, like"
2649,"going, different, know, just, things"
2650,"want, time, think, things, talk"
2651,"lot, really, people, like, know"
2652,"going, like, want, time, things"
2653,"lot, good, different, think, like"
2654,"english, going, listening, say, lot"
2655,"going, lot, people, want, just"
2656,"lot, like, want, time, things"
2657,"people, lot, time, want, things"
2658,"people, like, talk, want, things"
2659,"english, don, like, right, different"
2660,"lot, like, say, want, time"
2661,"want, time, think, things, talk"
2662,"want, time, think, things, talk"
2663,"different, think, time, want, things"
2664,"want, time, think, things, talk"
2665,"think, want, talk, different, say"
2666,"think, people, lot, good, say"
2667,"things, like, time, want, think"
2668,"want, time, think, things, talk"
2669,"things, really, think, like, want"
2670,"want, time, think, things, talk"
2671,"think, don, time, want, things"
2672,"think, say, know, don, just"
2673,"think, say, really, want, things"
2674,"want, time, think, things, talk"
2675,"think, want, time, things, talk"
2676,"think, good, say, want, things"
2677,"want, time, think, things, talk"
2678,"think, lot, really, people, things"
2679,"good, think, lot, don, people"
2680,"language, going, know, english, time"
2681,"want, time, think, things, talk"
2682,"language, talk, say, people, think"
2683,"want, time, think, things, talk"
2684,"language, don, like, want, things"
2685,"want, time, think, things, talk"
2686,"listening, time, think, want, things"
2687,"want, time, think, things, talk"
2688,"language, think, just, like, things"
2689,"language, want, think, time, things"
2690,"language, english, want, time, things"
2691,"people, want, think, time, things"
2692,"like, don, know, really, people"
2693,"think, like, good, time, things"
2694,"people, good, say, lot, think"
2695,"don, like, want, time, things"
2696,"think, good, time, want, things"
2697,"people, think, lot, just, things"
2698,"want, time, think, things, talk"
2699,"just, want, think, time, things"
2700,"people, know, really, think, things"
2701,"people, lot, think, want, things"
2702,"don, think, time, want, things"
2703,"people, think, don, like, going"
2704,"people, want, think, time, things"
2705,"people, lot, just, say, time"
2706,"like, want, think, time, things"
2707,"people, lot, good, just, things"
2708,"want, time, think, things, talk"
2709,"want, time, think, things, talk"
2710,"time, people, think, want, things"
2711,"don, people, want, time, things"
2712,"people, time, lot, don, good"
2713,"time, don, think, want, things"
2714,"really, people, lot, time, like"
2715,"good, going, people, want, things"
2716,"want, time, think, things, talk"
2717,"know, really, want, time, things"
2718,"want, time, think, things, talk"
2719,"want, time, think, things, talk"
2720,"want, time, think, things, talk"
2721,"lot, think, time, want, things"
2722,"people, time, say, don, things"
2723,"want, time, think, things, talk"
2724,"time, people, think, want, things"
2725,"talk, time, just, want, things"
2726,"think, want, time, things, talk"
2727,"like, english, going, lot, time"
2728,"people, think, good, want, things"
2729,"think, good, like, different, want"
2730,"good, lot, time, think, things"
2731,"want, time, think, things, talk"
2732,"lot, like, good, say, listening"
2733,"think, lot, don, people, good"
2734,"going, different, things, english, time"
2735,"want, time, think, things, talk"
2736,"time, lot, just, want, things"
2737,"people, going, lot, time, think"
2738,"want, time, think, things, talk"
2739,"time, want, think, things, talk"
2740,"want, time, think, things, talk"
2741,"different, lot, want, time, things"
2742,"want, time, think, things, talk"
2743,"know, lot, don, like, things"
2744,"going, want, think, time, things"
2745,"want, time, think, things, talk"
2746,"want, time, think, things, talk"
2747,"want, time, think, things, talk"
2748,"going, want, think, time, things"
2749,"going, like, say, time, good"
2750,"want, time, think, things, talk"
2751,"people, lot, say, good, different"
2752,"want, time, think, things, talk"
2753,"think, good, lot, want, things"
2754,"lot, going, english, things, think"
2755,"like, things, lot, want, think"
2756,"want, time, think, things, talk"
2757,"time, really, like, want, things"
2758,"time, don, like, want, things"
2759,"want, time, think, things, talk"
2760,"think, good, don, lot, time"
2761,"going, english, like, want, things"
2762,"say, people, like, want, things"
2763,"good, want, think, time, things"
2764,"think, really, people, say, going"
2765,"want, time, think, things, talk"
2766,"good, going, lot, just, people"
2767,"good, know, lot, don, just"
2768,"just, like, want, time, things"
2769,"time, really, just, people, things"
2770,"good, think, know, don, things"
2771,"going, really, like, talk, time"
2772,"want, time, think, things, talk"
2773,"lot, people, think, want, things"
2774,"think, say, good, don, time"
2775,"like, say, lot, don, just"
2776,"going, english, listening, like, things"
2777,"time, think, like, good, just"
2778,"time, want, think, things, talk"
2779,"lot, time, want, don, think"
2780,"really, think, time, want, things"
2781,"want, time, think, things, talk"
2782,"people, time, like, really, just"
2783,"people, lot, really, think, like"
2784,"think, want, time, things, talk"
2785,"lot, like, really, people, think"
2786,"really, people, like, want, things"
2787,"think, want, time, things, talk"
2788,"like, know, lot, don, think"
2789,"time, people, think, want, things"
2790,"people, don, think, like, things"
2791,"think, want, time, things, talk"
2792,"think, people, listening, english, don"
2793,"people, going, want, time, things"
2794,"want, time, think, things, talk"
2795,"people, things, right, know, like"
2796,"lot, people, want, time, things"
2797,"want, time, think, things, talk"
2798,"people, english, different, want, like"
2799,"going, things, people, want, think"
2800,"want, time, think, things, talk"
2801,"people, lot, time, know, don"
2802,"people, want, really, don, talk"
2803,"know, want, think, time, things"
2804,"like, english, different, going, know"
2805,"want, time, think, things, talk"
2806,"think, want, time, things, talk"
2807,"good, want, time, don, just"
2808,"lot, want, think, time, things"
2809,"going, think, like, good, say"
2810,"really, think, good, going, know"
2811,"think, don, lot, really, time"
2812,"don, want, like, time, going"
2813,"think, want, time, things, talk"
2814,"talk, going, think, want, things"
2815,"want, time, think, things, talk"
2816,"people, think, lot, don, say"
2817,"don, people, think, want, things"
2818,"want, time, think, things, talk"
2819,"things, different, like, know, lot"
2820,"want, time, think, things, talk"
2821,"don, think, like, want, things"
2822,"lot, don, think, like, things"
2823,"want, time, think, things, talk"
2824,"think, want, time, things, talk"
2825,"going, english, really, like, things"
2826,"think, really, things, don, different"
2827,"say, want, think, time, things"
2828,"people, think, time, want, things"
2829,"people, like, just, think, going"
2830,"really, think, don, good, lot"
2831,"like, want, think, time, things"
2832,"want, time, think, things, talk"
2833,"going, really, good, know, want"
2834,"english, different, going, want, things"
2835,"want, time, think, things, talk"
2836,"think, want, time, things, talk"
2837,"want, time, think, things, talk"
2838,"want, time, think, things, talk"
2839,"want, time, think, things, talk"
2840,"want, time, think, things, talk"
2841,"going, good, different, want, things"
2842,"want, time, think, things, talk"
2843,"going, lot, english, want, things"
2844,"want, time, think, things, talk"
2845,"lot, people, know, like, things"
2846,"think, time, people, want, things"
2847,"want, time, think, things, talk"
